AAC(1)	confers_resistance_to	carbapenem
AAC(1)	belongs_to_class	aminoglycoside_modifying_enzyme
AAC(3)-I	confers_resistance_to	carbapenem
AAC(3)-I	belongs_to_class	aminoglycoside_modifying_enzyme
AAC(3)-II,III,IV,VI,VIII,IX,X	confers_resistance_to	carbapenem
AAC(3)-II,III,IV,VI,VIII,IX,X	belongs_to_class	aminoglycoside_modifying_enzyme
AAC(3)-IIa	confers_resistance_to	carbapenem
AAC(3)-IIa	belongs_to_class	aminoglycoside_modifying_enzyme
AAC(3)-IIc	confers_resistance_to	carbapenem
AAC(3)-IIc	belongs_to_class	aminoglycoside_modifying_enzyme
AAC(6')-Ia (and related AACs)	confers_resistance_to	carbapenem
AAC(6')-Ia (and related AACs)	belongs_to_class	aminoglycoside_modifying_enzyme
AAC(6')-Iaf	confers_resistance_to	carbapenem
AAC(6')-Iaf	belongs_to_class	aminoglycoside_modifying_enzyme
AAC(6')-Ib	confers_resistance_to	carbapenem
AAC(6')-Ib	belongs_to_class	aminoglycoside_modifying_enzyme
AAC(6')-Ib/AAC(6')-II	confers_resistance_to	carbapenem
AAC(6')-Ib/AAC(6')-II	belongs_to_class	aminoglycoside_modifying_enzyme
AAC(6')-Ib10	confers_resistance_to	carbapenem
AAC(6')-Ib10	belongs_to_class	aminoglycoside_modifying_enzyme
AAC(6')-Ib7	confers_resistance_to	carbapenem
AAC(6')-Ib7	belongs_to_class	aminoglycoside_modifying_enzyme
ADC family	confers_resistance_to	carbapenem
ADC family	belongs_to_class	other_mechanism
ADC-2	confers_resistance_to	carbapenem
ADC-2	belongs_to_class	other_mechanism
ANT(2'')-Ia	confers_resistance_to	carbapenem
ANT(2'')-Ia	belongs_to_class	aminoglycoside_modifying_enzyme
APH(3'')-I	confers_resistance_to	carbapenem
APH(3'')-I	belongs_to_class	aminoglycoside_modifying_enzyme
APH(3'')-Ib	confers_resistance_to	carbapenem
APH(3'')-Ib	belongs_to_class	aminoglycoside_modifying_enzyme
APH(3')-I	confers_resistance_to	carbapenem
APH(3')-I	belongs_to_class	aminoglycoside_modifying_enzyme
APH(3')-III/APH(3')-IV/APH(3')-VI/APH(3')-VII	confers_resistance_to	carbapenem
APH(3')-III/APH(3')-IV/APH(3')-VI/APH(3')-VII	belongs_to_class	aminoglycoside_modifying_enzyme
APH(3')-Ia	confers_resistance_to	carbapenem
APH(3')-Ia	belongs_to_class	aminoglycoside_modifying_enzyme
APH(3')-VI	confers_resistance_to	carbapenem
APH(3')-VI	belongs_to_class	aminoglycoside_modifying_enzyme
APH(3')-VIa	confers_resistance_to	carbapenem
APH(3')-VIa	belongs_to_class	aminoglycoside_modifying_enzyme
APH(6)-Ic/APH(6)-Id	confers_resistance_to	carbapenem
APH(6)-Ic/APH(6)-Id	belongs_to_class	aminoglycoside_modifying_enzyme
APH(6)-Id	confers_resistance_to	carbapenem
APH(6)-Id	belongs_to_class	aminoglycoside_modifying_enzyme
Alr	confers_resistance_to	carbapenem
Alr	belongs_to_class	other_mechanism
BcrC	confers_resistance_to	carbapenem
BcrC	belongs_to_class	other_mechanism
CARB-10	confers_resistance_to	carbapenem
CARB-10	belongs_to_class	other_mechanism
CARB-16	confers_resistance_to	carbapenem
CARB-16	belongs_to_class	other_mechanism
CARB/RTG family	confers_resistance_to	carbapenem
CARB/RTG family	belongs_to_class	other_mechanism
CMY-30	confers_resistance_to	carbapenem
CMY-30	belongs_to_class	beta_lactamase
CMY/CMY-2/CFE/LAT family	confers_resistance_to	carbapenem
CMY/CMY-2/CFE/LAT family	belongs_to_class	beta_lactamase
CatA1/CatA4 family	confers_resistance_to	carbapenem
CatA1/CatA4 family	belongs_to_class	chloramphenicol_acetyltransferase
CatB family	confers_resistance_to	carbapenem
CatB family	belongs_to_class	chloramphenicol_acetyltransferase
CmlA family	confers_resistance_to	carbapenem
CmlA family	belongs_to_class	chloramphenicol_efflux
Ddl	confers_resistance_to	carbapenem
Ddl	belongs_to_class	other_mechanism
EF-G	confers_resistance_to	carbapenem
EF-G	belongs_to_class	other_mechanism
EF-Tu	confers_resistance_to	carbapenem
EF-Tu	belongs_to_class	other_mechanism
EmrAB-TolC	confers_resistance_to	carbapenem
EmrAB-TolC	belongs_to_class	other_mechanism
FabG	confers_resistance_to	carbapenem
FabG	belongs_to_class	other_mechanism
FloR family	confers_resistance_to	carbapenem
FloR family	belongs_to_class	other_mechanism
GES family	confers_resistance_to	carbapenem
GES family	belongs_to_class	other_mechanism
GES-11	confers_resistance_to	carbapenem
GES-11	belongs_to_class	other_mechanism
GdpD	confers_resistance_to	carbapenem
GdpD	belongs_to_class	other_mechanism
HtdX	confers_resistance_to	carbapenem
HtdX	belongs_to_class	other_mechanism
Iso-tRNA	confers_resistance_to	carbapenem
Iso-tRNA	belongs_to_class	other_mechanism
KatG	confers_resistance_to	carbapenem
KatG	belongs_to_class	other_mechanism
LpxA	confers_resistance_to	carbapenem
LpxA	belongs_to_class	other_mechanism
LpxC	confers_resistance_to	carbapenem
LpxC	belongs_to_class	other_mechanism
MacA	confers_resistance_to	carbapenem
MacA	belongs_to_class	other_mechanism
MacB	confers_resistance_to	carbapenem
MacB	belongs_to_class	other_mechanism
MdfA/Cmr	confers_resistance_to	carbapenem
MdfA/Cmr	belongs_to_class	other_mechanism
Mph(E)/Mph(G) family	confers_resistance_to	carbapenem
Mph(E)/Mph(G) family	belongs_to_class	macrolide_resistance
Msr(E)	confers_resistance_to	carbapenem
Msr(E)	belongs_to_class	macrolide_efflux
MurA	confers_resistance_to	carbapenem
MurA	belongs_to_class	other_mechanism
NDM-1	confers_resistance_to	carbapenem
NDM-1	belongs_to_class	carbapenemase
OXA-100	confers_resistance_to	carbapenem
OXA-100	belongs_to_class	beta_lactamase
OXA-104	confers_resistance_to	carbapenem
OXA-104	belongs_to_class	beta_lactamase
OXA-106	confers_resistance_to	carbapenem
OXA-106	belongs_to_class	beta_lactamase
OXA-113	confers_resistance_to	carbapenem
OXA-113	belongs_to_class	beta_lactamase
OXA-120	confers_resistance_to	carbapenem
OXA-120	belongs_to_class	beta_lactamase
OXA-121	confers_resistance_to	carbapenem
OXA-121	belongs_to_class	beta_lactamase
OXA-134 family	confers_resistance_to	carbapenem
OXA-134 family	belongs_to_class	beta_lactamase
OXA-180	confers_resistance_to	carbapenem
OXA-180	belongs_to_class	beta_lactamase
OXA-208	confers_resistance_to	carbapenem
OXA-208	belongs_to_class	beta_lactamase
OXA-213 family	confers_resistance_to	carbapenem
OXA-213 family	belongs_to_class	beta_lactamase
OXA-23	confers_resistance_to	carbapenem
OXA-23	belongs_to_class	beta_lactamase
OXA-23 family	confers_resistance_to	carbapenem
OXA-23 family	belongs_to_class	beta_lactamase
OXA-237	confers_resistance_to	carbapenem
OXA-237	belongs_to_class	beta_lactamase
OXA-24	confers_resistance_to	carbapenem
OXA-24	belongs_to_class	beta_lactamase
OXA-24 family	confers_resistance_to	carbapenem
OXA-24 family	belongs_to_class	beta_lactamase
OXA-26	confers_resistance_to	carbapenem
OXA-26	belongs_to_class	beta_lactamase
OXA-312	confers_resistance_to	carbapenem
OXA-312	belongs_to_class	beta_lactamase
OXA-314	confers_resistance_to	carbapenem
OXA-314	belongs_to_class	beta_lactamase
OXA-317	confers_resistance_to	carbapenem
OXA-317	belongs_to_class	beta_lactamase
OXA-338	confers_resistance_to	carbapenem
OXA-338	belongs_to_class	beta_lactamase
OXA-421	confers_resistance_to	carbapenem
OXA-421	belongs_to_class	beta_lactamase
OXA-51	confers_resistance_to	carbapenem
OXA-51	belongs_to_class	beta_lactamase
OXA-51 family	confers_resistance_to	carbapenem
OXA-51 family	belongs_to_class	beta_lactamase
OXA-58	confers_resistance_to	carbapenem
OXA-58	belongs_to_class	beta_lactamase
OXA-58 family	confers_resistance_to	carbapenem
OXA-58 family	belongs_to_class	beta_lactamase
OXA-64	confers_resistance_to	carbapenem
OXA-64	belongs_to_class	beta_lactamase
OXA-65	confers_resistance_to	carbapenem
OXA-65	belongs_to_class	beta_lactamase
OXA-66	confers_resistance_to	carbapenem
OXA-66	belongs_to_class	beta_lactamase
OXA-68	confers_resistance_to	carbapenem
OXA-68	belongs_to_class	beta_lactamase
OXA-69	confers_resistance_to	carbapenem
OXA-69	belongs_to_class	beta_lactamase
OXA-70	confers_resistance_to	carbapenem
OXA-70	belongs_to_class	beta_lactamase
OXA-71	confers_resistance_to	carbapenem
OXA-71	belongs_to_class	beta_lactamase
OXA-72	confers_resistance_to	carbapenem
OXA-72	belongs_to_class	beta_lactamase
OXA-76	confers_resistance_to	carbapenem
OXA-76	belongs_to_class	beta_lactamase
OXA-82	confers_resistance_to	carbapenem
OXA-82	belongs_to_class	beta_lactamase
OXA-90	confers_resistance_to	carbapenem
OXA-90	belongs_to_class	beta_lactamase
OXA-91	confers_resistance_to	carbapenem
OXA-91	belongs_to_class	beta_lactamase
OXA-94	confers_resistance_to	carbapenem
OXA-94	belongs_to_class	beta_lactamase
OXA-96	confers_resistance_to	carbapenem
OXA-96	belongs_to_class	beta_lactamase
OXA-98	confers_resistance_to	carbapenem
OXA-98	belongs_to_class	beta_lactamase
OprB	confers_resistance_to	carbapenem
OprB	belongs_to_class	other_mechanism
OprD family	confers_resistance_to	carbapenem
OprD family	belongs_to_class	other_mechanism
OxyR	confers_resistance_to	carbapenem
OxyR	belongs_to_class	other_mechanism
PER family	confers_resistance_to	carbapenem
PER family	belongs_to_class	other_mechanism
PER-1	confers_resistance_to	carbapenem
PER-1	belongs_to_class	other_mechanism
PER-7	confers_resistance_to	carbapenem
PER-7	belongs_to_class	other_mechanism
PgsA	confers_resistance_to	carbapenem
PgsA	belongs_to_class	other_mechanism
QacE	confers_resistance_to	carbapenem
QacE	belongs_to_class	other_mechanism
S10p	confers_resistance_to	carbapenem
S10p	belongs_to_class	other_mechanism
S12p	confers_resistance_to	carbapenem
S12p	belongs_to_class	other_mechanism
SHV family	confers_resistance_to	carbapenem
SHV family	belongs_to_class	beta_lactamase
SHV-5	confers_resistance_to	carbapenem
SHV-5	belongs_to_class	beta_lactamase
SugE	confers_resistance_to	carbapenem
SugE	belongs_to_class	other_mechanism
TEM family	confers_resistance_to	carbapenem
TEM family	belongs_to_class	beta_lactamase
TEM-1	confers_resistance_to	carbapenem
TEM-1	belongs_to_class	beta_lactamase
Tet(39)	confers_resistance_to	carbapenem
Tet(39)	belongs_to_class	efflux_pump
Tet(A)	confers_resistance_to	carbapenem
Tet(A)	belongs_to_class	efflux_pump
Tet(B)	confers_resistance_to	carbapenem
Tet(B)	belongs_to_class	efflux_pump
TolC/OpmH	confers_resistance_to	carbapenem
TolC/OpmH	belongs_to_class	efflux_pump
aac(3)	confers_resistance_to	carbapenem
aac(3)	belongs_to_class	aminoglycoside_modifying_enzyme
aac(3)-I	confers_resistance_to	carbapenem
aac(3)-I	belongs_to_class	aminoglycoside_modifying_enzyme
aac(6')-Ian	confers_resistance_to	carbapenem
aac(6')-Ian	belongs_to_class	aminoglycoside_modifying_enzyme
aacA4	confers_resistance_to	carbapenem
aacA4	belongs_to_class	aminoglycoside_modifying_enzyme
aadA	confers_resistance_to	carbapenem
aadA	belongs_to_class	aminoglycoside_modifying_enzyme
aadA1	confers_resistance_to	carbapenem
aadA1	belongs_to_class	aminoglycoside_modifying_enzyme
aadA11	confers_resistance_to	carbapenem
aadA11	belongs_to_class	aminoglycoside_modifying_enzyme
aadA15	confers_resistance_to	carbapenem
aadA15	belongs_to_class	aminoglycoside_modifying_enzyme
aadA21	confers_resistance_to	carbapenem
aadA21	belongs_to_class	aminoglycoside_modifying_enzyme
aadA24	confers_resistance_to	carbapenem
aadA24	belongs_to_class	aminoglycoside_modifying_enzyme
aadA8	confers_resistance_to	carbapenem
aadA8	belongs_to_class	aminoglycoside_modifying_enzyme
abeM	confers_resistance_to	carbapenem
abeM	belongs_to_class	other_mechanism
abeS	confers_resistance_to	carbapenem
abeS	belongs_to_class	other_mechanism
adeA	confers_resistance_to	carbapenem
adeA	belongs_to_class	efflux_pump
adeB	confers_resistance_to	carbapenem
adeB	belongs_to_class	efflux_pump
adeC	confers_resistance_to	carbapenem
adeC	belongs_to_class	efflux_pump
adeF	confers_resistance_to	carbapenem
adeF	belongs_to_class	other_mechanism
adeG	confers_resistance_to	carbapenem
adeG	belongs_to_class	other_mechanism
adeH	confers_resistance_to	carbapenem
adeH	belongs_to_class	other_mechanism
adeI	confers_resistance_to	carbapenem
adeI	belongs_to_class	other_mechanism
adeJ	confers_resistance_to	carbapenem
adeJ	belongs_to_class	other_mechanism
adeK	confers_resistance_to	carbapenem
adeK	belongs_to_class	other_mechanism
adeL	confers_resistance_to	carbapenem
adeL	belongs_to_class	other_mechanism
adeN	confers_resistance_to	carbapenem
adeN	belongs_to_class	other_mechanism
adeR	confers_resistance_to	carbapenem
adeR	belongs_to_class	other_mechanism
adeS	confers_resistance_to	carbapenem
adeS	belongs_to_class	other_mechanism
alr	confers_resistance_to	carbapenem
alr	belongs_to_class	other_mechanism
alr_1	confers_resistance_to	carbapenem
alr_1	belongs_to_class	other_mechanism
alr_2	confers_resistance_to	carbapenem
alr_2	belongs_to_class	other_mechanism
ampC	confers_resistance_to	carbapenem
ampC	belongs_to_class	other_mechanism
ant(3'')-II	confers_resistance_to	carbapenem
ant(3'')-II	belongs_to_class	aminoglycoside_modifying_enzyme
aph(3'')-Ib	confers_resistance_to	carbapenem
aph(3'')-Ib	belongs_to_class	aminoglycoside_modifying_enzyme
aph(3')-I	confers_resistance_to	carbapenem
aph(3')-I	belongs_to_class	aminoglycoside_modifying_enzyme
aph(3')-VI	confers_resistance_to	carbapenem
aph(3')-VI	belongs_to_class	aminoglycoside_modifying_enzyme
aph(6)-I	confers_resistance_to	carbapenem
aph(6)-I	belongs_to_class	aminoglycoside_modifying_enzyme
aphE	confers_resistance_to	carbapenem
aphE	belongs_to_class	aminoglycoside_modifying_enzyme
armA	confers_resistance_to	carbapenem
armA	belongs_to_class	other_mechanism
arr	confers_resistance_to	carbapenem
arr	belongs_to_class	other_mechanism
arr-2	confers_resistance_to	carbapenem
arr-2	belongs_to_class	other_mechanism
bla-OXA-69	confers_resistance_to	carbapenem
bla-OXA-69	belongs_to_class	beta_lactamase
blaADC	confers_resistance_to	carbapenem
blaADC	belongs_to_class	beta_lactamase
blaOXA	confers_resistance_to	carbapenem
blaOXA	belongs_to_class	beta_lactamase
blaPER	confers_resistance_to	carbapenem
blaPER	belongs_to_class	beta_lactamase
ble	confers_resistance_to	carbapenem
ble	belongs_to_class	other_mechanism
bpeE	confers_resistance_to	carbapenem
bpeE	belongs_to_class	other_mechanism
bpeF	confers_resistance_to	carbapenem
bpeF	belongs_to_class	other_mechanism
cat	confers_resistance_to	carbapenem
cat	belongs_to_class	chloramphenicol_acetyltransferase
catB	confers_resistance_to	carbapenem
catB	belongs_to_class	chloramphenicol_acetyltransferase
catB8	confers_resistance_to	carbapenem
catB8	belongs_to_class	chloramphenicol_acetyltransferase
catB_1	confers_resistance_to	carbapenem
catB_1	belongs_to_class	chloramphenicol_acetyltransferase
catB_2	confers_resistance_to	carbapenem
catB_2	belongs_to_class	chloramphenicol_acetyltransferase
catI	confers_resistance_to	carbapenem
catI	belongs_to_class	chloramphenicol_acetyltransferase
cmlA	confers_resistance_to	carbapenem
cmlA	belongs_to_class	chloramphenicol_efflux
cmr	confers_resistance_to	carbapenem
cmr	belongs_to_class	other_mechanism
csrA	confers_resistance_to	carbapenem
csrA	belongs_to_class	other_mechanism
dadX	confers_resistance_to	carbapenem
dadX	belongs_to_class	other_mechanism
ddl	confers_resistance_to	carbapenem
ddl	belongs_to_class	other_mechanism
dfrA	confers_resistance_to	carbapenem
dfrA	belongs_to_class	dihydrofolate_reductase
dfrA1	confers_resistance_to	carbapenem
dfrA1	belongs_to_class	dihydrofolate_reductase
dfrA10	confers_resistance_to	carbapenem
dfrA10	belongs_to_class	dihydrofolate_reductase
dfrA7	confers_resistance_to	carbapenem
dfrA7	belongs_to_class	dihydrofolate_reductase
dfrB	confers_resistance_to	carbapenem
dfrB	belongs_to_class	dihydrofolate_reductase
dfrB1	confers_resistance_to	carbapenem
dfrB1	belongs_to_class	dihydrofolate_reductase
dxr	confers_resistance_to	carbapenem
dxr	belongs_to_class	other_mechanism
ebr	confers_resistance_to	carbapenem
ebr	belongs_to_class	other_mechanism
emrA	confers_resistance_to	carbapenem
emrA	belongs_to_class	other_mechanism
emrB	confers_resistance_to	carbapenem
emrB	belongs_to_class	other_mechanism
eptA	confers_resistance_to	carbapenem
eptA	belongs_to_class	other_mechanism
estR	confers_resistance_to	carbapenem
estR	belongs_to_class	other_mechanism
fabG	confers_resistance_to	carbapenem
fabG	belongs_to_class	other_mechanism
fabI	confers_resistance_to	carbapenem
fabI	belongs_to_class	other_mechanism
floR	confers_resistance_to	carbapenem
floR	belongs_to_class	other_mechanism
folA	confers_resistance_to	carbapenem
folA	belongs_to_class	other_mechanism
folA, Dfr	confers_resistance_to	carbapenem
folA, Dfr	belongs_to_class	other_mechanism
folA_1	confers_resistance_to	carbapenem
folA_1	belongs_to_class	other_mechanism
folA_2	confers_resistance_to	carbapenem
folA_2	belongs_to_class	other_mechanism
folP	confers_resistance_to	carbapenem
folP	belongs_to_class	other_mechanism
folP_1	confers_resistance_to	carbapenem
folP_1	belongs_to_class	other_mechanism
folP_2	confers_resistance_to	carbapenem
folP_2	belongs_to_class	other_mechanism
folP_3	confers_resistance_to	carbapenem
folP_3	belongs_to_class	other_mechanism
fusA	confers_resistance_to	carbapenem
fusA	belongs_to_class	other_mechanism
gidB	confers_resistance_to	carbapenem
gidB	belongs_to_class	other_mechanism
gyrA	confers_resistance_to	carbapenem
gyrA	belongs_to_class	dna_gyrase_mutation
gyrB	confers_resistance_to	carbapenem
gyrB	belongs_to_class	dna_gyrase_mutation
ileS	confers_resistance_to	carbapenem
ileS	belongs_to_class	other_mechanism
inhA, fabI	confers_resistance_to	carbapenem
inhA, fabI	belongs_to_class	other_mechanism
katG	confers_resistance_to	carbapenem
katG	belongs_to_class	other_mechanism
lpsB	confers_resistance_to	carbapenem
lpsB	belongs_to_class	other_mechanism
lpxA	confers_resistance_to	carbapenem
lpxA	belongs_to_class	other_mechanism
lpxC	confers_resistance_to	carbapenem
lpxC	belongs_to_class	other_mechanism
macA	confers_resistance_to	carbapenem
macA	belongs_to_class	other_mechanism
macB	confers_resistance_to	carbapenem
macB	belongs_to_class	other_mechanism
mdfA	confers_resistance_to	carbapenem
mdfA	belongs_to_class	other_mechanism
mexB	confers_resistance_to	carbapenem
mexB	belongs_to_class	efflux_pump
mexT	confers_resistance_to	carbapenem
mexT	belongs_to_class	other_mechanism
mph(E)	confers_resistance_to	carbapenem
mph(E)	belongs_to_class	macrolide_resistance
mphA	confers_resistance_to	carbapenem
mphA	belongs_to_class	macrolide_resistance
msr	confers_resistance_to	carbapenem
msr	belongs_to_class	macrolide_efflux
msrE	confers_resistance_to	carbapenem
msrE	belongs_to_class	macrolide_efflux
murA	confers_resistance_to	carbapenem
murA	belongs_to_class	other_mechanism
norM	confers_resistance_to	carbapenem
norM	belongs_to_class	other_mechanism
nusE	confers_resistance_to	carbapenem
nusE	belongs_to_class	other_mechanism
oprB	confers_resistance_to	carbapenem
oprB	belongs_to_class	other_mechanism
oprB_1	confers_resistance_to	carbapenem
oprB_1	belongs_to_class	other_mechanism
oprB_2	confers_resistance_to	carbapenem
oprB_2	belongs_to_class	other_mechanism
oprC	confers_resistance_to	carbapenem
oprC	belongs_to_class	other_mechanism
oxa-10	confers_resistance_to	carbapenem
oxa-10	belongs_to_class	beta_lactamase
parC	confers_resistance_to	carbapenem
parC	belongs_to_class	topoisomerase_mutation
pgsA	confers_resistance_to	carbapenem
pgsA	belongs_to_class	other_mechanism
pmrC	confers_resistance_to	carbapenem
pmrC	belongs_to_class	other_mechanism
qacE	confers_resistance_to	carbapenem
qacE	belongs_to_class	other_mechanism
quiX	confers_resistance_to	carbapenem
quiX	belongs_to_class	other_mechanism
rho	confers_resistance_to	carbapenem
rho	belongs_to_class	other_mechanism
rmt	confers_resistance_to	carbapenem
rmt	belongs_to_class	other_mechanism
rplF	confers_resistance_to	carbapenem
rplF	belongs_to_class	other_mechanism
rpoB	confers_resistance_to	carbapenem
rpoB	belongs_to_class	other_mechanism
rpoC	confers_resistance_to	carbapenem
rpoC	belongs_to_class	other_mechanism
rpsJ	confers_resistance_to	carbapenem
rpsJ	belongs_to_class	other_mechanism
rpsL	confers_resistance_to	carbapenem
rpsL	belongs_to_class	other_mechanism
rsmG	confers_resistance_to	carbapenem
rsmG	belongs_to_class	other_mechanism
sat-1	confers_resistance_to	carbapenem
sat-1	belongs_to_class	other_mechanism
sat2	confers_resistance_to	carbapenem
sat2	belongs_to_class	other_mechanism
smvA	confers_resistance_to	carbapenem
smvA	belongs_to_class	other_mechanism
strB	confers_resistance_to	carbapenem
strB	belongs_to_class	other_mechanism
sul1	confers_resistance_to	carbapenem
sul1	belongs_to_class	sulfonamide_resistance
sul2	confers_resistance_to	carbapenem
sul2	belongs_to_class	sulfonamide_resistance
sulI	confers_resistance_to	carbapenem
sulI	belongs_to_class	sulfonamide_resistance
tet(A)	confers_resistance_to	carbapenem
tet(A)	belongs_to_class	efflux_pump
tet(B)	confers_resistance_to	carbapenem
tet(B)	belongs_to_class	efflux_pump
tet39	confers_resistance_to	carbapenem
tet39	belongs_to_class	efflux_pump
tetA	confers_resistance_to	carbapenem
tetA	belongs_to_class	efflux_pump
tetC	confers_resistance_to	carbapenem
tetC	belongs_to_class	efflux_pump
tetD	confers_resistance_to	carbapenem
tetD	belongs_to_class	efflux_pump
tetR	confers_resistance_to	carbapenem
tetR	belongs_to_class	efflux_pump
tolC	confers_resistance_to	carbapenem
tolC	belongs_to_class	efflux_pump
tuf	confers_resistance_to	carbapenem
tuf	belongs_to_class	other_mechanism
tufA	confers_resistance_to	carbapenem
tufA	belongs_to_class	other_mechanism
tufB	confers_resistance_to	carbapenem
tufB	belongs_to_class	other_mechanism
tuf_1	confers_resistance_to	carbapenem
tuf_1	belongs_to_class	other_mechanism
tuf_2	confers_resistance_to	carbapenem
tuf_2	belongs_to_class	other_mechanism
tuf_3	confers_resistance_to	carbapenem
tuf_3	belongs_to_class	other_mechanism
tuf_4	confers_resistance_to	carbapenem
tuf_4	belongs_to_class	other_mechanism
veb-1	confers_resistance_to	carbapenem
veb-1	belongs_to_class	other_mechanism
macrolide_resistance	involves_drug	carbapenem
efflux_pump	involves_drug	carbapenem
topoisomerase_mutation	involves_drug	carbapenem
chloramphenicol_efflux	involves_drug	carbapenem
carbapenemase	involves_drug	carbapenem
dihydrofolate_reductase	involves_drug	carbapenem
beta_lactamase	involves_drug	carbapenem
macrolide_efflux	involves_drug	carbapenem
dna_gyrase_mutation	involves_drug	carbapenem
chloramphenicol_acetyltransferase	involves_drug	carbapenem
aminoglycoside_modifying_enzyme	involves_drug	carbapenem
other_mechanism	involves_drug	carbapenem
sulfonamide_resistance	involves_drug	carbapenem
