epoch,step,train_loss,train_loss_amr,train_loss_gene,val_f1_macro
0,9,0.45401012897491455,0.28127485513687134,0.5757842659950256,
0,19,0.1693941205739975,0.0571659617125988,0.37409383058547974,
0,29,0.2858441472053528,0.18911178410053253,0.3224412500858307,
0,39,0.31731319427490234,0.2128869891166687,0.3480873107910156,
0,49,0.4678305983543396,0.37913209199905396,0.29566165804862976,
0,59,0.3440811336040497,0.26217085123062134,0.2730342447757721,
0,69,0.2211480736732483,0.13512659072875977,0.2867382764816284,
0,79,0.2875438332557678,0.19715842604637146,0.30128464102745056,
0,89,0.17256218194961548,0.09415222704410553,0.26136648654937744,
0,99,0.6019416451454163,0.5309735536575317,0.23656035959720612,
0,109,0.1263786107301712,0.04924575239419937,0.25710952281951904,
0,119,0.4692685306072235,0.40010866522789,0.23053286969661713,
0,129,0.35313114523887634,0.27007222175598145,0.27686309814453125,
0,139,0.1493554711341858,0.06871599704027176,0.26879820227622986,
0,149,0.1329658031463623,0.06904042512178421,0.2130846083164215,
0,159,0.1261909008026123,0.050980523228645325,0.25070127844810486,
0,169,0.31208452582359314,0.24180805683135986,0.234254851937294,
0,179,0.22552569210529327,0.14697334170341492,0.26184114813804626,
0,189,0.2562696933746338,0.1831677258014679,0.2436731904745102,
0,199,0.19575363397598267,0.12183794379234314,0.2463856190443039,
0,209,0.11401893198490143,0.042515870183706284,0.23834353685379028,
0,219,0.16220232844352722,0.09278764575719833,0.23138228058815002,
0,229,0.2665705680847168,0.19396260380744934,0.24202659726142883,
0,239,0.20050859451293945,0.13781818747520447,0.20896798372268677,
0,249,0.08316319435834885,0.022045515477657318,0.20372559130191803,
0,259,0.1017780750989914,0.04135419428348541,0.20141294598579407,
0,269,0.24245107173919678,0.16614015400409698,0.25436973571777344,
0,279,0.2585377097129822,0.19138911366462708,0.22382865846157074,
0,289,0.5258914232254028,0.45289346575737,0.2433266043663025,
0,299,0.3295533061027527,0.2428378462791443,0.28905147314071655,
0,309,0.37670981884002686,0.3154062330722809,0.204345241189003,
0,319,0.09866072982549667,0.04143223538994789,0.19076164066791534,
0,329,0.21883299946784973,0.16454201936721802,0.18096992373466492,
0,339,0.13085150718688965,0.05044834315776825,0.26801055669784546,
0,349,0.19061441719532013,0.13092193007469177,0.19897495210170746,
0,359,0.2304489016532898,0.15903601050376892,0.238042950630188,
0,369,0.20280778408050537,0.14747881889343262,0.1844298541545868,
0,379,0.18038594722747803,0.10806683450937271,0.24106371402740479,
0,389,0.08034325391054153,0.018068034201860428,0.20758405327796936,
0,399,0.2543359100818634,0.18588422238826752,0.22817228734493256,
0,409,0.15007558465003967,0.09341453015804291,0.18887019157409668,
0,419,0.29469460248947144,0.2299933284521103,0.2156708538532257,
0,429,0.09043943881988525,0.03309961408376694,0.19113273918628693,
0,439,0.2490416318178177,0.18227450549602509,0.22255708277225494,
0,449,0.10886506736278534,0.05468307435512543,0.1806066483259201,
0,459,0.20989885926246643,0.12708264589309692,0.2760540246963501,
0,469,0.47751879692077637,0.41519805788993835,0.2077357918024063,
0,479,0.3613995313644409,0.30889132618904114,0.17502731084823608,
0,489,0.09417204558849335,0.03362543135881424,0.20182205736637115,
0,499,0.08019804954528809,0.029246456921100616,0.16983862221240997,
0,509,0.32100826501846313,0.2702271342277527,0.1692703813314438,
0,519,0.09545102715492249,0.032445263117551804,0.21001918613910675,
0,529,0.09930582344532013,0.043469756841659546,0.18612021207809448,
0,539,0.3491884768009186,0.2886427044868469,0.2018192559480667,
0,549,0.12034638226032257,0.06757016479969025,0.17592070996761322,
0,559,0.13393689692020416,0.0840395838022232,0.16632437705993652,
0,569,0.20575794577598572,0.14028340578079224,0.21824847161769867,
0,579,0.2714139223098755,0.2141159027814865,0.19099338352680206,
0,589,0.2559362053871155,0.19124644994735718,0.21563251316547394,
0,599,0.11463063955307007,0.05374135822057724,0.20296426117420197,
0,609,0.3331444263458252,0.27497535943984985,0.19389688968658447,
0,619,0.3219967484474182,0.2644243836402893,0.1919078677892685,
0,629,0.19711622595787048,0.1344151794910431,0.2090034782886505,
0,639,0.28415000438690186,0.23124346137046814,0.17635515332221985,
0,649,0.07586497068405151,0.021997909992933273,0.17955684661865234,
0,659,0.18772664666175842,0.1251164972782135,0.208700492978096,
0,669,0.10603025555610657,0.053406815975904465,0.17541144788265228,
0,679,0.13468751311302185,0.08136725425720215,0.1777341663837433,
0,689,0.26966404914855957,0.2008451521396637,0.229396253824234,
0,699,0.10254921019077301,0.04093269631266594,0.2053883820772171,
0,709,0.10486248135566711,0.05395403504371643,0.16969479620456696,
0,719,0.09559448063373566,0.04268324375152588,0.176370769739151,
0,729,0.23589134216308594,0.18511126935482025,0.16926692426204681,
0,739,0.2776740789413452,0.22699740529060364,0.16892224550247192,
0,749,0.12479141354560852,0.068300262093544,0.1883038431406021,
0,759,0.22990794479846954,0.17788206040859222,0.17341959476470947,
0,769,0.09833881258964539,0.050446849316358566,0.1596398651599884,
0,779,0.7028229832649231,0.6378704309463501,0.21650853753089905,
0,789,0.1308181881904602,0.07977475225925446,0.17014475166797638,
0,799,0.07810115814208984,0.022362228482961655,0.18579640984535217,
0,809,0.15581399202346802,0.10678641498088837,0.1634252667427063,
0,819,0.20483143627643585,0.14929360151290894,0.18512612581253052,
0,827,,,,0.9555047154426575
1,829,0.15213091671466827,0.09670056402683258,0.18476784229278564,
1,839,0.1994251310825348,0.15502038598060608,0.1480158269405365,
1,849,0.062329474836587906,0.01470749732106924,0.15873990952968597,
1,859,0.09839732199907303,0.04460462927818298,0.1793089658021927,
1,869,0.374670147895813,0.3208464980125427,0.1794121265411377,
1,879,0.11072282493114471,0.05803247541189194,0.1756344884634018,
1,889,0.1021307036280632,0.051350079476833344,0.16926874220371246,
1,899,0.06813192367553711,0.016717199236154556,0.17138239741325378,
1,909,0.3272843658924103,0.27646979689598083,0.16938188672065735,
1,919,0.07571887969970703,0.022486213594675064,0.17744222283363342,
1,929,0.12198072671890259,0.04747535288333893,0.24835124611854553,
1,939,0.3403860330581665,0.2936497628688812,0.15578752756118774,
1,949,0.1264398992061615,0.08177265524864197,0.14889082312583923,
1,959,0.06623143702745438,0.019425364211201668,0.15602023899555206,
1,969,0.23598898947238922,0.17547911405563354,0.20169956982135773,
1,979,0.19767916202545166,0.14274798333644867,0.18310394883155823,
1,989,0.180657297372818,0.137603759765625,0.1435118168592453,
1,999,0.12517201900482178,0.07430636882781982,0.16955214738845825,
1,1009,0.05872184783220291,0.010018087923526764,0.16234585642814636,
1,1019,0.07990065217018127,0.025175929069519043,0.18241575360298157,
1,1029,0.0804000049829483,0.03208819404244423,0.1610393524169922,
1,1039,0.2059926986694336,0.1621093899011612,0.14627766609191895,
1,1049,0.16728398203849792,0.12061501294374466,0.15556323528289795,
1,1059,0.2648897171020508,0.21312111616134644,0.17256194353103638,
1,1069,0.19184087216854095,0.14150507748126984,0.16778598725795746,
1,1079,0.08849917352199554,0.03798302263021469,0.16838715970516205,
1,1089,0.06979811191558838,0.017283152788877487,0.17504984140396118,
1,1099,0.1341940015554428,0.08222229033708572,0.17323902249336243,
1,1109,0.20498856902122498,0.16174772381782532,0.14413617551326752,
1,1119,0.1784232258796692,0.13391098380088806,0.14837411046028137,
1,1129,0.06532198190689087,0.026379555463790894,0.12980808317661285,
1,1139,0.2911600172519684,0.2554054260253906,0.11918193101882935,
1,1149,0.263908326625824,0.21031750738620758,0.17863605916500092,
1,1159,0.07913205027580261,0.038414567708969116,0.13572494685649872,
1,1169,0.2122219204902649,0.17564000189304352,0.12193970382213593,
1,1179,0.0620582140982151,0.021422971040010452,0.1354508101940155,
1,1189,0.06948576867580414,0.02880561351776123,0.1356005072593689,
1,1199,0.3092989921569824,0.26657435297966003,0.14241544902324677,
1,1209,0.06806357204914093,0.02120574377477169,0.15619274973869324,
1,1219,0.06652340292930603,0.022997014224529266,0.14508794248104095,
1,1229,0.31798624992370605,0.26704269647598267,0.16981184482574463,
1,1239,0.3919588029384613,0.3530777394771576,0.1296035796403885,
1,1249,0.23395779728889465,0.18380136787891388,0.16718807816505432,
1,1259,0.08403924852609634,0.031029436737298965,0.17669937014579773,
1,1269,0.07066509872674942,0.03171803802251816,0.12982353568077087,
1,1279,0.10182265937328339,0.05080605298280716,0.1700553596019745,
1,1289,0.07194481790065765,0.03185898810625076,0.13361942768096924,
1,1299,0.1256842464208603,0.07840286195278168,0.15760459005832672,
1,1309,0.11138889193534851,0.06902489066123962,0.1412133425474167,
1,1319,0.14989754557609558,0.1021428182721138,0.15918242931365967,
1,1329,0.3489891290664673,0.30201196670532227,0.15659058094024658,
1,1339,0.12636634707450867,0.08306220173835754,0.1443471610546112,
1,1349,0.08667577803134918,0.04359161853790283,0.14361386001110077,
1,1359,0.15016411244869232,0.10912321507930756,0.13680298626422882,
1,1369,0.07441002875566483,0.030655236914753914,0.1458493024110794,
1,1379,0.27770787477493286,0.24113808572292328,0.12189933657646179,
1,1389,0.11205662041902542,0.06895382702350616,0.14367596805095673,
1,1399,0.25116387009620667,0.20877264440059662,0.14130407571792603,
1,1409,0.2631206512451172,0.21587613224983215,0.15748171508312225,
1,1419,0.07052379846572876,0.024060778319835663,0.1548767387866974,
1,1429,0.08841873705387115,0.037468958646059036,0.16983257234096527,
1,1439,0.26880350708961487,0.23441696166992188,0.1146218329668045,
1,1449,0.15379837155342102,0.10882078856229782,0.14992526173591614,
1,1459,0.0788097009062767,0.03788493573665619,0.13641588389873505,
1,1469,0.15807181596755981,0.1218666061758995,0.12068405747413635,
1,1479,0.09290838241577148,0.05336279422044754,0.13181860744953156,
1,1489,0.08279260993003845,0.02982502616941929,0.17655859887599945,
1,1499,0.06186242401599884,0.01791771501302719,0.14648236334323883,
1,1509,0.07827520370483398,0.03545032814145088,0.1427495926618576,
1,1519,0.18645505607128143,0.14613065123558044,0.1344146728515625,
1,1529,0.23302777111530304,0.1839504987001419,0.1635909080505371,
1,1539,0.10372811555862427,0.0665554329752922,0.12390895187854767,
1,1549,0.17997977137565613,0.1358422338962555,0.14712512493133545,
1,1559,0.16384422779083252,0.122174933552742,0.13889767229557037,
1,1569,0.06949330866336823,0.025974027812480927,0.14506424963474274,
1,1579,0.14526288211345673,0.09152834862470627,0.17911511659622192,
1,1589,0.25111502408981323,0.20472963154315948,0.15461793541908264,
1,1599,0.0519685260951519,0.019451886415481567,0.10838878899812698,
1,1609,0.06606239080429077,0.025046169757843018,0.13672074675559998,
1,1619,0.18547087907791138,0.1443265825510025,0.13714765012264252,
1,1629,0.13340240716934204,0.09619994461536407,0.1240081861615181,
1,1639,0.21379350125789642,0.1687454730272293,0.1501600742340088,
1,1649,0.10659843683242798,0.0640658512711525,0.14177528023719788,
1,1655,,,,0.956369161605835
2,1659,0.22299666702747345,0.18670740723609924,0.1209641844034195,
2,1669,0.2978660762310028,0.25616905093193054,0.13899004459381104,
2,1679,0.15622088313102722,0.1159467101097107,0.13424722850322723,
2,1689,0.06261441111564636,0.025750286877155304,0.12288040667772293,
2,1699,0.1547039896249771,0.12089812755584717,0.11268619447946548,
2,1709,0.15465611219406128,0.12072086334228516,0.11311746388673782,
2,1719,0.14074942469596863,0.10311900079250336,0.1254347711801529,
2,1729,0.04967939481139183,0.004740753676742315,0.14979547262191772,
2,1739,0.08205920457839966,0.0421900674700737,0.13289712369441986,
2,1749,0.14976221323013306,0.1201021671295166,0.09886683523654938,
2,1759,0.22189274430274963,0.17123524844646454,0.1688583344221115,
2,1769,0.08378218859434128,0.04707152396440506,0.12236887216567993,
2,1779,0.10015616565942764,0.06294354796409607,0.12404205650091171,
2,1789,0.07535587251186371,0.03178581967949867,0.14523349702358246,
2,1799,0.1493382304906845,0.11125146597623825,0.12695586681365967,
2,1809,0.08691758662462234,0.05165780335664749,0.11753260344266891,
2,1819,0.04924692213535309,0.013139418326318264,0.12035834044218063,
2,1829,0.051316890865564346,0.010503735393285751,0.13604384660720825,
2,1839,0.06936502456665039,0.035539235919713974,0.11275261640548706,
2,1849,0.0738794207572937,0.035554781556129456,0.1277487874031067,
2,1859,0.40383103489875793,0.37695640325546265,0.08958213776350021,
2,1869,0.1064840704202652,0.07679171860218048,0.09897450357675552,
2,1879,0.22727304697036743,0.1836109310388565,0.14554038643836975,
2,1889,0.3966773748397827,0.35773661732673645,0.12980249524116516,
2,1899,0.24879838526248932,0.21146242320537567,0.12445320188999176,
2,1909,0.07601425796747208,0.038342319428920746,0.12557312846183777,
2,1919,0.2188010811805725,0.18859434127807617,0.1006891205906868,
2,1929,0.05453382432460785,0.019142013043165207,0.11797270178794861,
2,1939,0.28310534358024597,0.24903777241706848,0.11355859041213989,
2,1949,0.05729877948760986,0.01515572052448988,0.14047685265541077,
2,1959,0.26582565903663635,0.22208735346794128,0.14579437673091888,
2,1969,0.21133068203926086,0.1763339340686798,0.1166558489203453,
2,1979,0.0911860316991806,0.04385305196046829,0.1577765792608261,
2,1989,0.2949979603290558,0.2563769817352295,0.12873658537864685,
2,1999,0.06493163108825684,0.022409170866012573,0.141741544008255,
2,2009,0.055982694029808044,0.025879360735416412,0.10034443438053131,
2,2019,0.058462049812078476,0.03921495005488396,0.06415699422359467,
2,2029,0.07797715067863464,0.038785189390182495,0.13063988089561462,
2,2039,0.08087384700775146,0.044897258281707764,0.1199219673871994,
2,2049,0.22189638018608093,0.1857220083475113,0.12058125436306,
2,2059,0.11565698683261871,0.075299471616745,0.13452503085136414,
2,2069,0.045494195073843,0.01064054574817419,0.11617881804704666,
2,2079,0.04312595725059509,0.008554352447390556,0.11523868143558502,
2,2089,0.05251344293355942,0.013011179864406586,0.13167420029640198,
2,2099,0.055503688752651215,0.027379438281059265,0.09374748915433884,
2,2109,0.07811640202999115,0.04606298357248306,0.10684472322463989,
2,2119,0.05033193528652191,0.011981980875134468,0.12783317267894745,
2,2129,0.16818110644817352,0.1413639783859253,0.08939043432474136,
2,2139,0.0479695200920105,0.01062716357409954,0.12447451055049896,
2,2149,0.07476523518562317,0.04709756746888161,0.09222555160522461,
2,2159,0.06566596776247025,0.03403931483626366,0.10542216897010803,
2,2169,0.034133169800043106,0.006528101861476898,0.09201689064502716,
2,2179,0.06216701865196228,0.028624095022678375,0.11180973798036575,
2,2189,0.05531498044729233,0.020549025386571884,0.11588650941848755,
2,2199,0.24273258447647095,0.19386303424835205,0.16289851069450378,
2,2209,0.19738000631332397,0.15461628139019012,0.14254577457904816,
2,2219,0.13436484336853027,0.11246635019779205,0.07299496978521347,
2,2229,0.16788406670093536,0.13483750820159912,0.11015518009662628,
2,2239,0.051577746868133545,0.01880970411002636,0.10922680050134659,
2,2249,0.16630864143371582,0.1384129673242569,0.09298557043075562,
2,2259,0.19965793192386627,0.1683385670185089,0.10439787060022354,
2,2269,0.06586379557847977,0.039220213890075684,0.08881193399429321,
2,2279,0.09606924653053284,0.055499665439128876,0.13523192703723907,
2,2289,0.0954994335770607,0.06853580474853516,0.08987876772880554,
2,2299,0.08337578922510147,0.04918026551604271,0.113985076546669,
2,2309,0.24640163779258728,0.21497908234596252,0.10474187135696411,
2,2319,0.1753966063261032,0.14819970726966858,0.09065631777048111,
2,2329,0.0819680243730545,0.04921957477927208,0.10916148871183395,
2,2339,0.18026971817016602,0.14344070851802826,0.12276333570480347,
2,2349,0.20917144417762756,0.17780114710330963,0.10456765443086624,
2,2359,0.03585550934076309,0.009075223468244076,0.08926761150360107,
2,2369,0.3173355162143707,0.29273754358291626,0.0819932147860527,
2,2379,0.15657325088977814,0.1260364055633545,0.10178948193788528,
2,2389,0.11192013323307037,0.07031193375587463,0.13869400322437286,
2,2399,0.1034560427069664,0.07559652626514435,0.09286505728960037,
2,2409,0.053365308791399,0.010706455446779728,0.1421961784362793,
2,2419,0.03279021009802818,0.008296923711895943,0.08164428174495697,
2,2429,0.0454251766204834,0.01361527293920517,0.10603300482034683,
2,2439,0.11698847264051437,0.08746060729026794,0.0984262153506279,
2,2449,0.10980994999408722,0.07408955693244934,0.1190679669380188,
2,2459,0.05337420105934143,0.03360907733440399,0.06588374078273773,
2,2469,0.23249471187591553,0.20476846396923065,0.09242083132266998,
2,2479,0.09362110495567322,0.05788060277700424,0.11913501471281052,
2,2483,,,,0.9575217962265015
3,2489,0.03797637298703194,0.00914955884218216,0.09608937799930573,
3,2499,0.12099844217300415,0.09057505428791046,0.10141129046678543,
3,2509,0.04984227195382118,0.028430303558707237,0.07137322425842285,
3,2519,0.053614191710948944,0.0316132977604866,0.07333631813526154,
3,2529,0.16733981668949127,0.14078165590763092,0.08852721750736237,
3,2539,0.17090050876140594,0.13951897621154785,0.10460510849952698,
3,2549,0.06565003842115402,0.04223521798849106,0.07804939895868301,
3,2559,0.1975995898246765,0.16410143673419952,0.11166051775217056,
3,2569,0.04471364617347717,0.014524104073643684,0.10063181072473526,
3,2579,0.049912795424461365,0.01625068299472332,0.11220704019069672,
3,2589,0.0916491448879242,0.06693889945745468,0.08236747980117798,
3,2599,0.0348651185631752,0.010467957705259323,0.08132386207580566,
3,2609,0.03985834866762161,0.00989167857915163,0.09988889843225479,
3,2619,0.037200234830379486,0.005689469166100025,0.10503588616847992,
3,2629,0.05259149149060249,0.03118242882192135,0.07136353850364685,
3,2639,0.06822585314512253,0.04852436110377312,0.06567163020372391,
3,2649,0.05088216811418533,0.019309891387820244,0.10524091124534607,
3,2659,0.13291269540786743,0.10710735619068146,0.08601781725883484,
3,2669,0.04403021186590195,0.018355678766965866,0.08558177947998047,
3,2679,0.19925856590270996,0.17816178500652313,0.07032262533903122,
3,2689,0.15951283276081085,0.13295035064220428,0.08854159712791443,
3,2699,0.2610907554626465,0.2331622689962387,0.09309495985507965,
3,2709,0.05925000458955765,0.03794819861650467,0.07100602239370346,
3,2719,0.1209329217672348,0.09139961004257202,0.098444364964962,
3,2729,0.06060948967933655,0.03130829334259033,0.09767065197229385,
3,2739,0.49978694319725037,0.46531301736831665,0.11491304636001587,
3,2749,0.039698295295238495,0.019162455573678017,0.06845279783010483,
3,2759,0.04134811460971832,0.016150321811437607,0.08399263024330139,
3,2769,0.14791709184646606,0.11686854064464569,0.10349518805742264,
3,2779,0.04527565464377403,0.026227008551359177,0.06349548697471619,
3,2789,0.06458822637796402,0.04380024969577789,0.06929326057434082,
3,2799,0.23189468681812286,0.21002733707427979,0.07289117574691772,
3,2809,0.054319385439157486,0.024378417059779167,0.09980322420597076,
3,2819,0.04202520102262497,0.013778652995824814,0.09415514767169952,
3,2829,0.0341474786400795,0.0056851813569664955,0.0948743224143982,
3,2839,0.149180069565773,0.12254417687654495,0.0887863039970398,
3,2849,0.032660823315382004,0.011369477957487106,0.07097114622592926,
3,2859,0.11254047602415085,0.0836297795176506,0.09636897593736649,
3,2869,0.15569810569286346,0.11965309083461761,0.12015002965927124,
3,2879,0.162811741232872,0.15133415162563324,0.03825861215591431,
3,2889,0.21287667751312256,0.1891142725944519,0.07920799404382706,
3,2899,0.07391472160816193,0.04767479747533798,0.08746641129255295,
3,2909,0.11333363503217697,0.09274905920028687,0.06861524283885956,
3,2919,0.02984008938074112,0.008283086121082306,0.07185667753219604,
3,2929,0.0430782213807106,0.019693972542881966,0.07794748991727829,
3,2939,0.17574270069599152,0.15110234916210175,0.08213450759649277,
3,2949,0.06166286766529083,0.028352538123726845,0.11103441566228867,
3,2959,0.05458714812994003,0.02985350415110588,0.08244547992944717,
3,2969,0.04077528789639473,0.015614469535648823,0.08386939018964767,
3,2979,0.03826398029923439,0.020771073177456856,0.058309685438871384,
3,2989,0.1034240871667862,0.07816862314939499,0.08418486267328262,
3,2999,0.2445717751979828,0.21075668931007385,0.1127169206738472,
3,3009,0.0307734627276659,0.008925775066018105,0.07282562553882599,
3,3019,0.09989945590496063,0.06262899190187454,0.12423486262559891,
3,3029,0.15557962656021118,0.13471612334251404,0.06954502314329147,
3,3039,0.06957578659057617,0.03530259430408478,0.11424395442008972,
3,3049,0.05666675791144371,0.03343210369348526,0.07744884490966797,
3,3059,0.21042929589748383,0.18410702049732208,0.08774092048406601,
3,3069,0.0348687469959259,0.014628730714321136,0.06746671348810196,
3,3079,0.040677011013031006,0.018319228664040565,0.07452593743801117,
3,3089,0.09316995739936829,0.06072419136762619,0.10815253108739853,
3,3099,0.40940219163894653,0.3765392005443573,0.1095433458685875,
3,3109,0.04817155748605728,0.027589520439505577,0.06860678642988205,
3,3119,0.05017682909965515,0.025456566363573074,0.08240087330341339,
3,3129,0.04440683498978615,0.01823737472295761,0.08723153173923492,
3,3139,0.06400984525680542,0.035959698259830475,0.09350047260522842,
3,3149,0.173383429646492,0.1472034603357315,0.08726654201745987,
3,3159,0.2198266088962555,0.19424939155578613,0.08525741100311279,
3,3169,0.08522391319274902,0.06577763706445694,0.06482090801000595,
3,3179,0.10170333087444305,0.06833294034004211,0.1112346351146698,
3,3189,0.21433542668819427,0.1904650330543518,0.07956799119710922,
3,3199,0.21293650567531586,0.18834149837493896,0.08198336511850357,
3,3209,0.20085716247558594,0.1787143051624298,0.07380953431129456,
3,3219,0.1603957712650299,0.13164082169532776,0.09584982693195343,
3,3229,0.11456023156642914,0.09023599326610565,0.08108077943325043,
3,3239,0.0926627665758133,0.0585680827498436,0.11364895105361938,
3,3249,0.2067268341779709,0.18181192874908447,0.08304968476295471,
3,3259,0.12369535863399506,0.09780678153038025,0.08629526197910309,
3,3269,0.147769033908844,0.1129373237490654,0.11610566824674606,
3,3279,0.07752968370914459,0.050545793026685715,0.08994630724191666,
3,3289,0.050478652119636536,0.017206666991114616,0.11090660840272903,
3,3299,0.029909953474998474,0.009474484249949455,0.06811822950839996,
3,3309,0.062090519815683365,0.039103489369153976,0.07662343233823776,
3,3311,,,,0.9585968255996704
4,3319,0.03832663968205452,0.017927393317222595,0.06799748539924622,
4,3329,0.16495144367218018,0.1468111127614975,0.06046777591109276,
4,3339,0.03859963268041611,0.014080740511417389,0.08172963559627533,
4,3349,0.0363345742225647,0.011135888285934925,0.08399561792612076,
4,3359,0.12343968451023102,0.10702250152826309,0.05472394451498985,
4,3369,0.10121239721775055,0.08644659072160721,0.04921935871243477,
4,3379,0.06367732584476471,0.04186471924185753,0.07270868122577667,
4,3389,0.07902040332555771,0.055110808461904526,0.07969863712787628,
4,3399,0.043858565390110016,0.021097788587212563,0.07586925476789474,
4,3409,0.030076373368501663,0.006729527376592159,0.07782281935214996,
4,3419,0.034809332340955734,0.008679281920194626,0.08710016310214996,
4,3429,0.04129558056592941,0.01642708107829094,0.08289498835802078,
4,3439,0.16305342316627502,0.14953027665615082,0.04507714509963989,
4,3449,0.0356864258646965,0.013900728896260262,0.0726189911365509,
4,3459,0.025308627635240555,0.00571148656308651,0.06532379984855652,
4,3469,0.03998870030045509,0.014404346235096455,0.08528117090463638,
4,3479,0.02134634740650654,0.005921855103224516,0.05141497030854225,
4,3489,0.025183487683534622,0.010907240211963654,0.04758748784661293,
4,3499,0.17053312063217163,0.14175894856452942,0.09591388702392578,
4,3509,0.04643053933978081,0.026423681527376175,0.06668952107429504,
4,3519,0.09165425598621368,0.029261194169521332,0.20797686278820038,
4,3529,0.0462605245411396,0.007773649878799915,0.1282895803451538,
4,3539,0.04178611934185028,0.02817797102034092,0.0453604981303215,
4,3549,0.14118127524852753,0.1086428314447403,0.10846149176359177,
4,3559,0.11619075387716293,0.10835102200508118,0.02613244205713272,
4,3569,0.03353273868560791,0.011914161965250969,0.07206191122531891,
4,3579,0.03930847719311714,0.017842596396803856,0.07155293226242065,
4,3589,0.04165060073137283,0.018891358748078346,0.07586413621902466,
4,3599,0.031297359615564346,0.012822646647691727,0.061582375317811966,
4,3609,0.02904152125120163,0.009969566017389297,0.06357318162918091,
4,3619,0.03184278681874275,0.01243613287806511,0.06468884646892548,
4,3629,0.06159711629152298,0.04353365674614906,0.06021152809262276,
4,3639,0.020740797743201256,0.007048218511044979,0.045641928911209106,
4,3649,0.03491796553134918,0.017955880612134933,0.05654028058052063,
4,3659,0.19530555605888367,0.17385388910770416,0.07150556892156601,
4,3669,0.03540542349219322,0.012747987173497677,0.07552478462457657,
4,3679,0.202289879322052,0.177119642496109,0.08390079438686371,
4,3689,0.1741763800382614,0.15607815980911255,0.060327377170324326,
4,3699,0.047025904059410095,0.024513984099030495,0.07503973692655563,
4,3709,0.07816188037395477,0.06674805283546448,0.03804609924554825,
4,3719,0.023727448657155037,0.01013698149472475,0.04530155658721924,
4,3729,0.0447428822517395,0.02310946397483349,0.07211138308048248,
4,3739,0.05138164013624191,0.025173569098114967,0.08736024051904678,
4,3749,0.17488597333431244,0.15094436705112457,0.07980536669492722,
4,3759,0.024392548948526382,0.006197640672326088,0.06064968928694725,
4,3769,0.04824632406234741,0.02390545792877674,0.08113621175289154,
4,3779,0.02801489271223545,0.007211669813841581,0.06934407353401184,
4,3789,0.0363345593214035,0.013717986643314362,0.07538856565952301,
4,3799,0.06766621023416519,0.05104822665452957,0.055393267422914505,
4,3809,0.05375437065958977,0.03512280061841011,0.06210523098707199,
4,3819,0.14726778864860535,0.12988248467445374,0.057951003313064575,
4,3829,0.1662917584180832,0.1278151571750641,0.12825532257556915,
4,3839,0.1587638109922409,0.1448100358247757,0.04651259630918503,
4,3849,0.1981784701347351,0.17851415276527405,0.06554771959781647,
4,3859,0.2892104685306549,0.27834686636924744,0.03621198982000351,
4,3869,0.06182781606912613,0.03329091891646385,0.09512299299240112,
4,3879,0.19621329009532928,0.18150658905506134,0.04902232438325882,
4,3889,0.12193065136671066,0.09688436985015869,0.0834876075387001,
4,3899,0.1237795352935791,0.09982605278491974,0.07984495162963867,
4,3909,0.061003874987363815,0.0390671044588089,0.07312256842851639,
4,3919,0.18757864832878113,0.17269062995910645,0.04962671548128128,
4,3929,0.10532565414905548,0.08276769518852234,0.07519318163394928,
4,3939,0.055417563766241074,0.025255119428038597,0.10054147988557816,
4,3949,0.050090596079826355,0.02657749131321907,0.07837700843811035,
4,3959,0.05780313163995743,0.03495807945728302,0.07615017890930176,
4,3969,0.08181888610124588,0.0651572197675705,0.055538877844810486,
4,3979,0.12042894959449768,0.09837349504232407,0.07351817190647125,
4,3989,0.021670620888471603,0.0053108446300029755,0.05453258380293846,
4,3999,0.02734619379043579,0.006675992161035538,0.06890066713094711,
4,4009,0.0725153386592865,0.05362193286418915,0.06297802925109863,
4,4019,0.04255726933479309,0.015164550393819809,0.09130905568599701,
4,4029,0.05918078124523163,0.03894815593957901,0.06744207441806793,
4,4039,0.1612262725830078,0.13502098619937897,0.08735095709562302,
4,4049,0.02852720208466053,0.009199922904372215,0.06442426145076752,
4,4059,0.1794682741165161,0.16153571009635925,0.059775207191705704,
4,4069,0.23650087416172028,0.21586546301841736,0.06878470629453659,
4,4079,0.08182652294635773,0.06292401254177094,0.06300835311412811,
4,4089,0.037497568875551224,0.02333160676062107,0.04721987247467041,
4,4099,0.048025622963905334,0.02652280405163765,0.07167606800794601,
4,4109,0.17490750551223755,0.1583123654127121,0.055317122489213943,
4,4119,0.03347306698560715,0.01475492212921381,0.06239381805062294,
4,4129,0.02745913341641426,0.014111723750829697,0.04449136182665825,
4,4139,0.04036268591880798,0.018151002004742622,0.07403893768787384,
4,4139,,,,0.9572306871414185
5,4149,0.04226992651820183,0.016531778499484062,0.08579382300376892,
5,4159,0.1444525122642517,0.11662301421165466,0.09276499599218369,
5,4169,0.024401679635047913,0.008701000362634659,0.05233559384942055,
5,4179,0.018624505028128624,0.005461107939481735,0.043877989053726196,
5,4189,0.025708559900522232,0.004807652905583382,0.0696696862578392,
5,4199,0.3872036039829254,0.366955041885376,0.0674951821565628,
5,4209,0.017737573012709618,0.008524158969521523,0.030711378902196884,
5,4219,0.20556816458702087,0.18697117269039154,0.06198998913168907,
5,4229,0.2880692183971405,0.2750049829483032,0.04354748874902725,
5,4239,0.12238795310258865,0.10630490630865097,0.05361014977097511,
5,4249,0.014369931071996689,0.006364990957081318,0.026683131232857704,
5,4259,0.022507432848215103,0.008634425699710846,0.04624335840344429,
5,4269,0.05765900760889053,0.044416073709726334,0.044143110513687134,
5,4279,0.11463341116905212,0.1040639877319336,0.035231396555900574,
5,4289,0.026243258267641068,0.013074846938252449,0.043894700706005096,
5,4299,0.10397107899188995,0.08653832226991653,0.058109186589717865,
5,4309,0.03792119771242142,0.023031312972307205,0.049632951617240906,
5,4319,0.19745226204395294,0.17425617575645447,0.07732028514146805,
5,4329,0.07309111952781677,0.05104539915919304,0.07348574697971344,
5,4339,0.0328172966837883,0.010994922369718552,0.07274124771356583,
5,4349,0.018743637949228287,0.004454187583178282,0.04763150215148926,
5,4359,0.032088518142700195,0.013499549590051174,0.06196323037147522,
5,4369,0.04448847472667694,0.028276434168219566,0.054040126502513885,
5,4379,0.05667097866535187,0.03517119586467743,0.0716659352183342,
5,4389,0.030186936259269714,0.020768631249666214,0.0313943512737751,
5,4399,0.07807839661836624,0.061789970844984055,0.05429475009441376,
5,4409,0.08113157749176025,0.05774729698896408,0.07794759422540665,
5,4419,0.12874794006347656,0.11102138459682465,0.05908852443099022,
5,4429,0.028645779937505722,0.017751257866621017,0.03631506860256195,
5,4439,0.0282447449862957,0.01973913609981537,0.028352024033665657,
5,4449,0.09216587990522385,0.073615163564682,0.06183571740984917,
5,4459,0.05724863335490227,0.03321690857410431,0.0801057443022728,
5,4469,0.08717098832130432,0.07680488377809525,0.034553688019514084,
5,4479,0.03596305102109909,0.01729864999651909,0.06221466884016991,
5,4489,0.02380930259823799,0.009006121195852757,0.049343936145305634,
5,4499,0.42903393507003784,0.41306477785110474,0.053230542689561844,
5,4509,0.057569120079278946,0.03514706715941429,0.07474017143249512,
5,4519,0.029302949085831642,0.012856602668762207,0.05482115224003792,
5,4529,0.32200902700424194,0.3008524477481842,0.07052190601825714,
5,4539,0.020964499562978745,0.01072488073259592,0.03413206338882446,
5,4549,0.0371708907186985,0.019990237429738045,0.05726884305477142,
5,4559,0.042461976408958435,0.028866726905107498,0.04531748965382576,
5,4569,0.13941556215286255,0.11981793493032455,0.06532542407512665,
5,4579,0.01850822940468788,0.007046762388199568,0.03820488974452019,
5,4589,0.06312568485736847,0.03401470184326172,0.09703660011291504,
5,4599,0.029663320630788803,0.014704684726893902,0.04986212030053139,
5,4609,0.026980537921190262,0.010086571797728539,0.05631322041153908,
5,4619,0.48678356409072876,0.4614724814891815,0.08437025547027588,
5,4629,0.029749751091003418,0.007889081723988056,0.07286889106035233,
5,4639,0.03734476864337921,0.02365846186876297,0.04562102258205414,
5,4649,0.12541159987449646,0.10831158608198166,0.057000044733285904,
5,4659,0.03464857116341591,0.01059435959905386,0.08018070459365845,
5,4669,0.017608951777219772,0.00607295660302043,0.03845331817865372,
5,4679,0.03926878422498703,0.01055760309100151,0.09570393711328506,
5,4689,0.037363629788160324,0.004348017740994692,0.11005204170942307,
5,4699,0.021407265216112137,0.003302485914900899,0.06034925952553749,
5,4709,0.03316289931535721,0.013879850506782532,0.06427682936191559,
5,4719,0.10503426939249039,0.09441158920526505,0.035408925265073776,
5,4729,0.028130333870649338,0.014361036941409111,0.04589765891432762,
5,4739,0.14362187683582306,0.12351921200752258,0.0670088678598404,
5,4749,0.05780579149723053,0.040733687579631805,0.056907009333372116,
5,4759,0.10979491472244263,0.09224407374858856,0.05850278586149216,
5,4769,0.38254091143608093,0.357194185256958,0.08448904007673264,
5,4779,0.030727464705705643,0.01289114449173212,0.059454403817653656,
5,4789,0.17585304379463196,0.15424443781375885,0.07202871143817902,
5,4799,0.02676466293632984,0.0121441800147295,0.048734940588474274,
5,4809,0.01723545417189598,0.007213423028588295,0.03340677171945572,
5,4819,0.32023873925209045,0.3000803291797638,0.06719466298818588,
5,4829,0.061189405620098114,0.045914482325315475,0.0509164072573185,
5,4839,0.03516148775815964,0.016980022192001343,0.06060488522052765,
5,4849,0.09370921552181244,0.07349391281604767,0.06738432496786118,
5,4859,0.04546651244163513,0.025874843820929527,0.06530555337667465,
5,4869,0.20797480642795563,0.19496716558933258,0.04335881397128105,
5,4879,0.04167530685663223,0.02478974126279354,0.05628520995378494,
5,4889,0.22964312136173248,0.20489558577537537,0.08249177038669586,
5,4899,0.07426595687866211,0.054325319826602936,0.06646877527236938,
5,4909,0.0367400199174881,0.021096184849739075,0.052146121859550476,
5,4919,0.2241400182247162,0.2100580483675003,0.046939875930547714,
5,4929,0.04525389522314072,0.028497617691755295,0.05585426464676857,
5,4939,0.14251986145973206,0.1266203224658966,0.052998486906290054,
5,4949,0.06311634927988052,0.042926013469696045,0.06730110943317413,
5,4959,0.027065379545092583,0.010748101398348808,0.05439092591404915,
5,4967,,,,0.9552541375160217
6,4969,0.10041654109954834,0.07785947620868683,0.07519020885229111,
6,4979,0.5777199864387512,0.5515145659446716,0.08735130727291107,
6,4989,0.08097034692764282,0.06659848988056183,0.04790617525577545,
6,4999,0.0954713374376297,0.08254862576723099,0.043075695633888245,
6,5009,0.03301753103733063,0.017609503120183945,0.05136008933186531,
6,5019,0.01845620945096016,0.00897756963968277,0.03159546107053757,
6,5029,0.022675320506095886,0.013284199871122837,0.03130373731255531,
6,5039,0.05380988493561745,0.03646305203437805,0.05782277137041092,
6,5049,0.03131338953971863,0.02124376967549324,0.03356540575623512,
6,5059,0.03786575049161911,0.016228504478931427,0.07212414592504501,
6,5069,0.04386458545923233,0.029080281034111977,0.04928101971745491,
6,5079,0.25832289457321167,0.24353888630867004,0.04927998408675194,
6,5089,0.028645914047956467,0.016018129885196686,0.042092613875865936,
6,5099,0.06721532344818115,0.044675156474113464,0.07513387501239777,
6,5109,0.11182072758674622,0.08743374049663544,0.08128993958234787,
6,5119,0.05327785760164261,0.04212211072444916,0.03718581423163414,
6,5129,0.047627273947000504,0.029815655201673508,0.059372060000896454,
6,5139,0.027338311076164246,0.010467825457453728,0.056234948337078094,
6,5149,0.03354787454009056,0.01984580233693123,0.04567357525229454,
6,5159,0.027690641582012177,0.010659527033567429,0.05677038058638573,
6,5169,0.02691461332142353,0.013091934844851494,0.046075593680143356,
6,5179,0.09722866117954254,0.08155366033315659,0.052250005304813385,
6,5189,0.01894109696149826,0.008237420581281185,0.0356789194047451,
6,5199,0.01756955496966839,0.006802638527005911,0.03588971868157387,
6,5209,0.037869784981012344,0.025796759873628616,0.04024341702461243,
6,5219,0.11279913783073425,0.097281813621521,0.051724404096603394,
6,5229,0.051949914544820786,0.03706563264131546,0.04961426928639412,
6,5239,0.035658374428749084,0.01724335364997387,0.06138339638710022,
6,5249,0.04047606885433197,0.02553943544626236,0.04978876933455467,
6,5259,0.025014907121658325,0.014328056015074253,0.03562283515930176,
6,5269,0.017364272847771645,0.004185627214610577,0.04392881691455841,
6,5279,0.027360443025827408,0.006645603105425835,0.06904946267604828,
6,5289,0.06811109930276871,0.050523482263088226,0.058625396341085434,
6,5299,0.1410938948392868,0.12075243145227432,0.06780489534139633,
6,5309,0.03198859095573425,0.020277563482522964,0.03903675824403763,
6,5319,0.04868412762880325,0.02777046151459217,0.06971222162246704,
6,5329,0.05235053598880768,0.038981467485427856,0.04456356540322304,
6,5339,0.03547707572579384,0.021000713109970093,0.04825454205274582,
6,5349,0.22550085186958313,0.20840191841125488,0.05699643865227699,
6,5359,0.05111916363239288,0.031576793640851974,0.0651412233710289,
6,5369,0.038172103464603424,0.017279744148254395,0.06964119523763657,
6,5379,0.03293004259467125,0.022284338250756264,0.03548567742109299,
6,5389,0.03436248004436493,0.01933899149298668,0.050078291445970535,
6,5399,0.05776923894882202,0.044925443828105927,0.04281264543533325,
6,5409,0.06124858185648918,0.0510018914937973,0.03415563330054283,
6,5419,0.022473933175206184,0.008607916533946991,0.04622005298733711,
6,5429,0.031428929418325424,0.018816938623785973,0.042039964348077774,
6,5439,0.07199306041002274,0.06192236393690109,0.03356898948550224,
6,5449,0.1724090874195099,0.1498972624540329,0.07503943890333176,
6,5459,0.03239955008029938,0.02012895606458187,0.04090198501944542,
6,5469,0.07474489510059357,0.05852601304650307,0.05406293645501137,
6,5479,0.01948685199022293,0.010023489594459534,0.03154453635215759,
6,5489,0.055331967771053314,0.036948032677173615,0.0612797774374485,
6,5499,0.25927862524986267,0.23964646458625793,0.06544052809476852,
6,5509,0.02336917072534561,0.00957898236811161,0.04596728831529617,
6,5519,0.02295750007033348,0.015218531712889671,0.0257965587079525,
6,5529,0.024694493040442467,0.009716525673866272,0.04992655664682388,
6,5539,0.017781751230359077,0.004905311856418848,0.042921461164951324,
6,5549,0.027633223682641983,0.014329462312161922,0.04434586688876152,
6,5559,0.10305359959602356,0.0963386669754982,0.022383099421858788,
6,5569,0.036610763520002365,0.021113196387887,0.05165855586528778,
6,5579,0.24488607048988342,0.22942055761814117,0.051551710814237595,
6,5589,0.05992122367024422,0.04446738213300705,0.05151280760765076,
6,5599,0.33363988995552063,0.3194326162338257,0.04735760763287544,
6,5609,0.12172597646713257,0.10741961002349854,0.04768788442015648,
6,5619,0.03919050842523575,0.01567176915705204,0.0783957913517952,
6,5629,0.03342387080192566,0.017617037519812584,0.05268944427371025,
6,5639,0.042153000831604004,0.02581797167658806,0.054450102150440216,
6,5649,0.019098641350865364,0.003110006684437394,0.053295448422431946,
6,5659,0.01728723756968975,0.008920729160308838,0.027888361364603043,
6,5669,0.08106835931539536,0.07008812576532364,0.036600787192583084,
6,5679,0.02374495193362236,0.012082846835255623,0.03887367993593216,
6,5689,0.08644407987594604,0.06806377321481705,0.061267685145139694,
6,5699,0.0356101393699646,0.016092749312520027,0.06505795568227768,
6,5709,0.035001784563064575,0.02273622155189514,0.04088520631194115,
6,5719,0.04489602893590927,0.03314756229519844,0.0391615591943264,
6,5729,0.019154155626893044,0.007876284420490265,0.03759290277957916,
6,5739,0.02880418673157692,0.006759372074157,0.07348271459341049,
6,5749,0.0205293670296669,0.01018413808196783,0.03448409587144852,
6,5759,0.12185840308666229,0.10403841733932495,0.05939994752407074,
6,5769,0.060271941125392914,0.04831656068563461,0.03985125944018364,
6,5779,0.017402363941073418,0.006039755418896675,0.03787536174058914,
6,5789,0.04000292718410492,0.02033240720629692,0.06556839495897293,
6,5795,,,,0.9549770355224609
7,5799,0.15881095826625824,0.1475238800048828,0.0376235768198967,
7,5809,0.0374709814786911,0.025071844458580017,0.041330449283123016,
7,5819,0.02243865467607975,0.01160790678113699,0.03610249236226082,
7,5829,0.03275618702173233,0.015690572559833527,0.05688537284731865,
7,5839,0.11302775889635086,0.10221490263938904,0.03604285791516304,
7,5849,0.18598690629005432,0.1737394630908966,0.04082481190562248,
7,5859,0.026041680946946144,0.009634057059884071,0.05469207838177681,
7,5869,0.014188636094331741,0.0037479945458471775,0.034802138805389404,
7,5879,0.02316172420978546,0.013222086243331432,0.033132124692201614,
7,5889,0.22532500326633453,0.21273267269134521,0.041974421590566635,
7,5899,0.017420822754502296,0.004689940717071295,0.04243627190589905,
7,5909,0.03499148041009903,0.01637236773967743,0.062063705176115036,
7,5919,0.030796632170677185,0.016729464754462242,0.04689055681228638,
7,5929,0.021967528387904167,0.009801249019801617,0.040554262697696686,
7,5939,0.02393718808889389,0.014616785570979118,0.031068002805113792,
7,5949,0.05785730481147766,0.044569142162799835,0.044293880462646484,
7,5959,0.12591460347175598,0.11432941257953644,0.038617320358753204,
7,5969,0.020717263221740723,0.00427167396992445,0.05481863394379616,
7,5979,0.07202672958374023,0.050086766481399536,0.0731332078576088,
7,5989,0.017756536602973938,0.007058199495077133,0.03566111996769905,
7,5999,0.10068641602993011,0.08971448242664337,0.036573100835084915,
7,6009,0.15977302193641663,0.14626701176166534,0.04502001404762268,
7,6019,0.016002090647816658,0.003420487279072404,0.041938673704862595,
7,6029,0.023689497262239456,0.009263318963348866,0.04808725789189339,
7,6039,0.13135729730129242,0.1193176656961441,0.040132082998752594,
7,6049,0.09562402218580246,0.08205761015415192,0.04522137716412544,
7,6059,0.023594172671437263,0.01147308200597763,0.04040363430976868,
7,6069,0.01990717649459839,0.008858183398842812,0.036829978227615356,
7,6079,0.026429159566760063,0.014408925548195839,0.04006744548678398,
7,6089,0.11627199500799179,0.09337088465690613,0.07633703947067261,
7,6099,0.06607040762901306,0.051415398716926575,0.04885001480579376,
7,6109,0.035487428307533264,0.025508912280201912,0.033261723816394806,
7,6119,0.03306123986840248,0.019764304161071777,0.044323116540908813,
7,6129,0.022455336526036263,0.012199698016047478,0.034185461699962616,
7,6139,0.17165181040763855,0.16355782747268677,0.026979956775903702,
7,6149,0.06283276528120041,0.04724328964948654,0.05196491628885269,
7,6159,0.03411491960287094,0.01923748292028904,0.04959145188331604,
7,6169,0.029121777042746544,0.018069183453917503,0.0368419773876667,
7,6179,0.11178465187549591,0.09062077105045319,0.07054626941680908,
7,6189,0.019824085757136345,0.007976370863616467,0.03949237987399101,
7,6199,0.14234593510627747,0.13162514567375183,0.035735972225666046,
7,6209,0.03279941901564598,0.016352221369743347,0.054823990911245346,
7,6219,0.19628003239631653,0.18191729485988617,0.04787579923868179,
7,6229,0.10668770968914032,0.09428644180297852,0.041337549686431885,
7,6239,0.02632223069667816,0.013935345225036144,0.041289616376161575,
7,6249,0.03879212215542793,0.01959983818233013,0.0639742761850357,
7,6259,0.029106460511684418,0.018912330269813538,0.033980436623096466,
7,6269,0.02622852474451065,0.015593971125781536,0.03544851019978523,
7,6279,0.020374637097120285,0.0025775274261832237,0.05932369828224182,
7,6289,0.013575242832303047,0.0017329284455627203,0.039474379271268845,
7,6299,0.015094554983079433,0.00791261438280344,0.02393980138003826,
7,6309,0.050461191684007645,0.039690591394901276,0.0359019972383976,
7,6319,0.1641426831483841,0.15411876142024994,0.03341309353709221,
7,6329,0.08149479329586029,0.05958545207977295,0.07303114980459213,
7,6339,0.02094452828168869,0.01039125956594944,0.0351775586605072,
7,6349,0.12639187276363373,0.10947459936141968,0.056390900164842606,
7,6359,0.11466041207313538,0.10140736401081085,0.04417682811617851,
7,6369,0.04296381399035454,0.01947173848748207,0.07830691337585449,
7,6379,0.4446229934692383,0.4314223527908325,0.04400208592414856,
7,6389,0.07759027928113937,0.06943512707948685,0.027183832600712776,
7,6399,0.045828890055418015,0.037069305777549744,0.02919861115515232,
7,6409,0.05110398307442665,0.04067172855138779,0.03477418050169945,
7,6419,0.027047544717788696,0.015509827993810177,0.03845905512571335,
7,6429,0.0357440821826458,0.02240719273686409,0.04445629194378853,
7,6439,0.02092614769935608,0.00955188274383545,0.0379142165184021,
7,6449,0.02724156342446804,0.01677348092198372,0.03489360585808754,
7,6459,0.016831954941153526,0.006776257883757353,0.03351898863911629,
7,6469,0.10389727354049683,0.09194749593734741,0.03983259201049805,
7,6479,0.023349301889538765,0.011955116875469685,0.037980616092681885,
7,6489,0.019329383969306946,0.010047057643532753,0.030941087752580643,
7,6499,0.4346534013748169,0.42349353432655334,0.03719957545399666,
7,6509,0.17305532097816467,0.16268616914749146,0.03456386178731918,
7,6519,0.04033061861991882,0.01943673938512802,0.06964626908302307,
7,6529,0.11365444213151932,0.09724025428295135,0.054713957011699677,
7,6539,0.1519034504890442,0.13331322371959686,0.0619673989713192,
7,6549,0.12888146936893463,0.1161005049943924,0.04260319471359253,
7,6559,0.02334282547235489,0.012791557237505913,0.035170894116163254,
7,6569,0.12465257197618484,0.11060801148414612,0.04681519418954849,
7,6579,0.08855646103620529,0.07860434800386429,0.03317370265722275,
7,6589,0.11532516032457352,0.10193327069282532,0.04463963583111763,
7,6599,0.026784395799040794,0.016788944602012634,0.0333181694149971,
7,6609,0.19365012645721436,0.16725334525108337,0.08798928558826447,
7,6619,0.09870345145463943,0.08753126114606857,0.0372406430542469,
7,6623,,,,0.9572342038154602
8,6629,0.032371167093515396,0.012069194577634335,0.06767324358224869,
8,6639,0.12638860940933228,0.11759742349386215,0.02930397540330887,
8,6649,0.028330929577350616,0.011123614385724068,0.05735771730542183,
8,6659,0.008128088898956776,0.0019803831819444895,0.020492352545261383,
8,6669,0.009794006124138832,0.003781205276027322,0.020042667165398598,
8,6679,0.041436947882175446,0.025703322142362595,0.0524454228579998,
8,6689,0.18967217206954956,0.1842343509197235,0.018126068636775017,
8,6699,0.019894540309906006,0.006262422539293766,0.045440394431352615,
8,6709,0.1701374650001526,0.16044874489307404,0.032295726239681244,
8,6719,0.03406986594200134,0.023573530837893486,0.03498777747154236,
8,6729,0.15072046220302582,0.13987503945827484,0.036151401698589325,
8,6739,0.02345384657382965,0.015201280824840069,0.027508553117513657,
8,6749,0.035583868622779846,0.027341440320014954,0.027474766597151756,
8,6759,0.020017975941300392,0.009274458512663841,0.03581172227859497,
8,6769,0.09384650737047195,0.07852578908205032,0.051069069653749466,
8,6779,0.2454010546207428,0.2317337989807129,0.04555750638246536,
8,6789,0.01612304151058197,0.008829711005091667,0.02431109920144081,
8,6799,0.018642541021108627,0.008614882826805115,0.033425524830818176,
8,6809,0.03327271342277527,0.026731478050351143,0.021804116666316986,
8,6819,0.021849442273378372,0.009205508977174759,0.04214644432067871,
8,6829,0.016449661925435066,0.0055811963975429535,0.03622821718454361,
8,6839,0.02702775038778782,0.009909173473715782,0.057061921805143356,
8,6849,0.015809187665581703,0.004196103196591139,0.038710277527570724,
8,6859,0.10426833480596542,0.09796600788831711,0.021007763221859932,
8,6869,0.0224318690598011,0.01578766107559204,0.02214736118912697,
8,6879,0.0108049176633358,0.004347491078078747,0.021524755284190178,
8,6889,0.016939504072070122,0.002764883218333125,0.047248732298612595,
8,6899,0.08729030936956406,0.07903571426868439,0.027515316382050514,
8,6909,0.06050199270248413,0.05040028691291809,0.03367235139012337,
8,6919,0.015012451447546482,0.004412691108882427,0.035332534462213516,
8,6929,0.1366194635629654,0.12800586223602295,0.028712011873722076,
8,6939,0.05660581588745117,0.037028469145298004,0.06525781750679016,
8,6949,0.01757681928575039,0.006468546111136675,0.03702757880091667,
8,6959,0.010984287597239017,0.0035984739661216736,0.02461937814950943,
8,6969,0.026878248900175095,0.010707815177738667,0.05390144884586334,
8,6979,0.06496401876211166,0.0595683716237545,0.01798548921942711,
8,6989,0.03426360711455345,0.017184026539325714,0.056931931525468826,
8,6999,0.01971784606575966,0.010791291482746601,0.029755180701613426,
8,7009,0.06560464203357697,0.053129397332668304,0.04158414155244827,
8,7019,0.24033550918102264,0.22877342998981476,0.03854028135538101,
8,7029,0.022234730422496796,0.01624959334731102,0.01995045691728592,
8,7039,0.5053202509880066,0.454621821641922,0.16899466514587402,
8,7049,0.03826254606246948,0.03007604368031025,0.02728833630681038,
8,7059,0.028787769377231598,0.013404317200183868,0.05127817019820213,
8,7069,0.10886102169752121,0.09844444692134857,0.034721918404102325,
8,7079,0.01709172874689102,0.006223706062883139,0.03622674196958542,
8,7089,0.011910772882401943,0.0033469863701611757,0.028545955196022987,
8,7099,0.023355945944786072,0.011446093209087849,0.039699506014585495,
8,7109,0.010514816269278526,0.003738903673365712,0.02258637361228466,
8,7119,0.030796445906162262,0.021783288568258286,0.030043859034776688,
8,7129,0.09278783947229385,0.08094938099384308,0.03946152329444885,
8,7139,0.025868292897939682,0.0198189839720726,0.020164361223578453,
8,7149,0.03659600391983986,0.025752024725079536,0.03614659234881401,
8,7159,0.05328957736492157,0.04258835315704346,0.03567075356841087,
8,7169,0.058170873671770096,0.04435016214847565,0.04606904089450836,
8,7179,0.06527569144964218,0.05218232795596123,0.04364454373717308,
8,7189,0.06779443472623825,0.050561465322971344,0.057443227618932724,
8,7199,0.02677857130765915,0.010543272830545902,0.054117653518915176,
8,7209,0.016185645014047623,0.005043806973844767,0.03713945671916008,
8,7219,0.018261481076478958,0.009204916656017303,0.0301885474473238,
8,7229,0.13889271020889282,0.12005773186683655,0.06278323382139206,
8,7239,0.18939223885536194,0.17153744399547577,0.05951595678925514,
8,7249,0.022896364331245422,0.010191787034273148,0.04234859347343445,
8,7259,0.04838509112596512,0.03961287811398506,0.02924071066081524,
8,7269,0.03388720005750656,0.023823559284210205,0.03354547545313835,
8,7279,0.1774175763130188,0.16679321229457855,0.03541453182697296,
8,7289,0.04649456590414047,0.042194586247205734,0.014333265833556652,
8,7299,0.02361360751092434,0.009096362628042698,0.048390813171863556,
8,7309,0.20691321790218353,0.1857517808675766,0.07053814083337784,
8,7319,0.16488231718540192,0.15383942425251007,0.036809660494327545,
8,7329,0.08792833983898163,0.07531359791755676,0.04204913601279259,
8,7339,0.020219802856445312,0.009127756580710411,0.036973487585783005,
8,7349,0.13408564031124115,0.115977443754673,0.060360658913850784,
8,7359,0.04341648519039154,0.025823982432484627,0.058641668409109116,
8,7369,0.013932707719504833,0.00707729859277606,0.022851362824440002,
8,7379,0.02222813293337822,0.015497928485274315,0.022434011101722717,
8,7389,0.015475796535611153,0.00803359691053629,0.02480733022093773,
8,7399,0.07651735842227936,0.06254775822162628,0.04656534269452095,
8,7409,0.01732901856303215,0.0061254012398421764,0.037345390766859055,
8,7419,0.01331791840493679,0.007752692326903343,0.018550753593444824,
8,7429,0.02570197358727455,0.011576667428016663,0.047084350138902664,
8,7439,0.04345127195119858,0.027267616242170334,0.05394551157951355,
8,7449,0.10032407194375992,0.09062354266643524,0.03233508765697479,
8,7451,,,,0.9563928842544556
9,7459,0.030802948400378227,0.023781249299645424,0.023405663669109344,
9,7469,0.030798308551311493,0.01754877343773842,0.04416511952877045,
9,7479,0.01595110259950161,0.009059691801667213,0.022971367463469505,
9,7489,0.5215668082237244,0.5138082504272461,0.0258619524538517,
9,7499,0.019541535526514053,0.011538670398294926,0.02667621150612831,
9,7509,0.026998599991202354,0.019343961030244827,0.025515461340546608,
9,7519,0.029590023681521416,0.016227133572101593,0.04454296454787254,
9,7529,0.03694970905780792,0.019919125363230705,0.05676860362291336,
9,7539,0.027126779779791832,0.017234377562999725,0.03297467157244682,
9,7549,0.017841113731265068,0.010470343753695488,0.024569230154156685,
9,7559,0.013153614476323128,0.001269454718567431,0.039613861590623856,
9,7569,0.02564653754234314,0.009459682740271091,0.053956177085638046,
9,7579,0.013735583983361721,0.004373724572360516,0.031206198036670685,
9,7589,0.022131800651550293,0.005029214546084404,0.057008616626262665,
9,7599,0.02155047282576561,0.011791624128818512,0.032529495656490326,
9,7609,0.12679661810398102,0.11573714017868042,0.036864932626485825,
9,7619,0.2432948648929596,0.234932541847229,0.02787441574037075,
9,7629,0.03839528560638428,0.026232115924358368,0.040543895214796066,
9,7639,0.2704983353614807,0.25685596466064453,0.045474573969841,
9,7649,0.3025670647621155,0.29671403765678406,0.01951010525226593,
9,7659,0.06667021661996841,0.05382301285862923,0.042824018746614456,
9,7669,0.0898091197013855,0.08105151355266571,0.02919202484190464,
9,7679,0.017032789066433907,0.008794775232672691,0.027460046112537384,
9,7689,0.02628093957901001,0.01446416787803173,0.0393892340362072,
9,7699,0.021239478141069412,0.009224139153957367,0.04005113244056702,
9,7709,0.17409604787826538,0.16421620547771454,0.03293278440833092,
9,7719,0.02640395238995552,0.010071025229990482,0.05444308742880821,
9,7729,0.14838819205760956,0.14380182325839996,0.015287899412214756,
9,7739,0.02662813663482666,0.019110623747110367,0.02505837380886078,
9,7749,0.22998905181884766,0.2238428145647049,0.020487474277615547,
9,7759,0.06838459521532059,0.05584093928337097,0.041812192648649216,
9,7769,0.032047055661678314,0.02696986496448517,0.01692396216094494,
9,7779,0.025192037224769592,0.008861929178237915,0.05443369224667549,
9,7789,0.1591808795928955,0.1447153389453888,0.048218484967947006,
9,7799,0.13927404582500458,0.1290552318096161,0.034062713384628296,
9,7809,0.08843670785427094,0.08318334072828293,0.01751122623682022,
9,7819,0.04183485358953476,0.024237263947725296,0.05865863710641861,
9,7829,0.004615049343556166,0.002351899165660143,0.007543833460658789,
9,7839,0.011016905307769775,0.00027657521422952414,0.035801101475954056,
9,7849,0.024545840919017792,0.015150997787714005,0.03131614625453949,
9,7859,0.0599517896771431,0.04873558506369591,0.03738734498620033,
9,7869,0.02774975448846817,0.018228165805339813,0.03173862770199776,
9,7879,0.03723610192537308,0.02860196866095066,0.028780443593859673,
9,7889,0.024719443172216415,0.010409785434603691,0.04769885540008545,
9,7899,0.02310209907591343,0.014782027341425419,0.027733569964766502,
9,7909,0.1410718709230423,0.13057632744312286,0.03498513996601105,
9,7919,0.02961142361164093,0.020576154813170433,0.030117560178041458,
9,7929,0.10422207415103912,0.09414254873991013,0.03359841927886009,
9,7939,0.03952537104487419,0.022553345188498497,0.05657341703772545,
9,7949,0.07103990763425827,0.06153472140431404,0.031683944165706635,
9,7959,0.01193996798247099,0.005331666208803654,0.022027671337127686,
9,7969,0.01503285113722086,0.0038963081315159798,0.037121810019016266,
9,7979,0.01840773969888687,0.012378562241792679,0.02009725570678711,
9,7989,0.018096018582582474,0.00838553998619318,0.0323682576417923,
9,7999,0.02033395878970623,0.016096625477075577,0.014124445617198944,
9,8009,0.037583205848932266,0.02541249245405197,0.040569040924310684,
9,8019,0.01240228209644556,0.005791291128844023,0.022036636248230934,
9,8029,0.013947289437055588,0.004554539918899536,0.03130916506052017,
9,8039,0.02003992348909378,0.011955365538597107,0.026948528364300728,
9,8049,0.01725458726286888,0.011792580597102642,0.01820668950676918,
9,8059,0.026186741888523102,0.009083875454962254,0.05700955167412758,
9,8069,0.02934739552438259,0.021739352494478226,0.025360144674777985,
9,8079,0.12279214709997177,0.11253702640533447,0.03418373689055443,
9,8089,0.08717028051614761,0.07780835777521133,0.031206417828798294,
9,8099,0.009473143145442009,0.003457450307905674,0.020052310079336166,
9,8109,0.025941040366888046,0.012899572029709816,0.043471559882164,
9,8119,0.03147366642951965,0.02162672020494938,0.032823145389556885,
9,8129,0.12943601608276367,0.11743003129959106,0.04001994803547859,
9,8139,0.010690850205719471,0.00572447944432497,0.016554567962884903,
9,8149,0.011898071505129337,0.006171637214720249,0.01908811368048191,
9,8159,0.11378738284111023,0.10554986447095871,0.02745838649570942,
9,8169,0.008523151278495789,0.0024053393863141537,0.020392704755067825,
9,8179,0.01753082498908043,0.003992518875747919,0.04512768238782883,
9,8189,0.01189128216356039,0.005258132703602314,0.02211049757897854,
9,8199,0.018381323665380478,0.013845098204910755,0.015120754018425941,
9,8209,0.05581853538751602,0.04741121828556061,0.02802438847720623,
9,8219,0.10117190331220627,0.08885948359966278,0.04104140028357506,
9,8229,0.1728098839521408,0.16616424918174744,0.022152094170451164,
9,8239,0.04079362004995346,0.03096167929470539,0.032773129642009735,
9,8249,0.02581009641289711,0.012303615920245647,0.045021601021289825,
9,8259,0.19320251047611237,0.18251323699951172,0.035630907863378525,
9,8269,0.024297967553138733,0.015373632311820984,0.02974778600037098,
9,8279,0.0559471920132637,0.029217876493930817,0.08909772336483002,
9,8279,,,,0.9545713663101196
10,8289,0.01556580699980259,0.0017241464229300618,0.04613886773586273,
10,8299,0.018426399677991867,0.0048444271087646484,0.04527323693037033,
10,8309,0.10286840051412582,0.09963315725326538,0.010784147307276726,
10,8319,0.23838746547698975,0.2235259711742401,0.04953831061720848,
10,8329,0.057659272104501724,0.050073135644197464,0.025287119671702385,
10,8339,0.021585550159215927,0.012556338682770729,0.030097370967268944,
10,8349,0.0480821430683136,0.04121173918247223,0.022901341319084167,
10,8359,0.04760598763823509,0.040450870990753174,0.02385038696229458,
10,8369,0.06395404785871506,0.053922004997730255,0.033440131694078445,
10,8379,0.10552611947059631,0.09627401828765869,0.030840342864394188,
10,8389,0.021257620304822922,0.013219771906733513,0.026792829856276512,
10,8399,0.02764263190329075,0.019822457805275917,0.02606724575161934,
10,8409,0.12689851224422455,0.12269140034914017,0.014023714698851109,
10,8419,0.01833578571677208,0.009333716705441475,0.030006898567080498,
10,8429,0.05688301473855972,0.04863959923386574,0.027478044852614403,
10,8439,0.22930796444416046,0.22303812205791473,0.020899472758173943,
10,8449,0.06312219798564911,0.04787610471248627,0.05082031711935997,
10,8459,0.19991114735603333,0.19403746724128723,0.019578933715820312,
10,8469,0.024177994579076767,0.015472817234694958,0.029017256572842598,
10,8479,0.031245769932866096,0.022663414478302002,0.028607850894331932,
10,8489,0.010595022700726986,0.0029938158113509417,0.025337355211377144,
10,8499,0.02859794721007347,0.021158961579203606,0.02479662001132965,
10,8509,0.07412093132734299,0.06879305839538574,0.017759574577212334,
10,8519,0.12587569653987885,0.11627788841724396,0.03199268877506256,
10,8529,0.02961994707584381,0.026345886290073395,0.010913535952568054,
10,8539,0.024952759966254234,0.01811976730823517,0.022776642814278603,
10,8549,0.036850493401288986,0.02449844218790531,0.041173506528139114,
10,8559,0.1852911114692688,0.17999938130378723,0.017639080062508583,
10,8569,0.03041427955031395,0.018894819542765617,0.038398195058107376,
10,8579,0.020978130400180817,0.012668896466493607,0.02769744209945202,
10,8589,0.01854468695819378,0.012155687436461449,0.0212966650724411,
10,8599,0.07451547682285309,0.05607384443283081,0.06147211045026779,
10,8609,0.013051353394985199,0.007327309809625149,0.0190801452845335,
10,8619,0.025827568024396896,0.01533373724669218,0.0349794365465641,
10,8629,0.08154844492673874,0.06779791414737701,0.045835111290216446,
10,8639,0.17973041534423828,0.17408880591392517,0.01880534179508686,
10,8649,0.019088342785835266,0.00715841818600893,0.03976641222834587,
10,8659,0.02074817195534706,0.017207913100719452,0.011800859123468399,
10,8669,0.018581947311758995,0.013668714091181755,0.016377443447709084,
10,8679,0.011260353028774261,0.004919610917568207,0.021135807037353516,
10,8689,0.061768338084220886,0.05788153037428856,0.012956030666828156,
10,8699,0.06664173305034637,0.05673607438802719,0.03301884979009628,
10,8709,0.023771008476614952,0.014234478585422039,0.031788431107997894,
10,8719,0.020373539999127388,0.011106997728347778,0.030888471752405167,
10,8729,0.017141658812761307,0.009168238379061222,0.026578065007925034,
10,8739,0.061028894037008286,0.05333341658115387,0.025651592761278152,
10,8749,0.02931874804198742,0.01825328916311264,0.036884862929582596,
10,8759,0.019156564027071,0.010782108642160892,0.027914850041270256,
10,8769,0.014536872506141663,0.0070697348564863205,0.024890460073947906,
10,8779,0.016770564019680023,0.008214205503463745,0.02852119691669941,
10,8789,0.05963024124503136,0.05003567412495613,0.03198188915848732,
10,8799,0.05354699492454529,0.04244906082749367,0.0369931161403656,
10,8809,0.01859290525317192,0.00893821194767952,0.03218230977654457,
10,8819,0.00944881048053503,0.003497288329526782,0.019838405773043633,
10,8829,0.0815228596329689,0.07355663180351257,0.026554100215435028,
10,8839,0.02115342766046524,0.010318730026483536,0.036115653812885284,
10,8849,0.02084692381322384,0.007365708239376545,0.0449373833835125,
10,8859,0.016268881037831306,0.010060965083539486,0.020693054422736168,
10,8869,0.041401106864213943,0.02713916078209877,0.04753981530666351,
10,8879,0.01961800828576088,0.00793379545211792,0.03894737362861633,
10,8889,0.08752482384443283,0.08301891386508942,0.015019693411886692,
10,8899,0.16518853604793549,0.1501849740743637,0.05001186579465866,
10,8909,0.013473991304636002,0.005167461931705475,0.02768843062222004,
10,8919,0.05011077970266342,0.030701521784067154,0.06469752639532089,
10,8929,0.09470921754837036,0.0805957019329071,0.047045063227415085,
10,8939,0.11574962735176086,0.10400665551424026,0.03914323449134827,
10,8949,0.023922815918922424,0.015088209882378578,0.02944868989288807,
10,8959,0.03271065652370453,0.013366380706429482,0.06448092311620712,
10,8969,0.02406216599047184,0.013500785455107689,0.03520460054278374,
10,8979,0.03130155801773071,0.022896528244018555,0.02801675908267498,
10,8989,0.2337174415588379,0.2261306643486023,0.025289246812462807,
10,8999,0.017233168706297874,0.006606253329664469,0.035423051565885544,
10,9009,0.010781371034681797,0.005936353467404842,0.016150057315826416,
10,9019,0.01843402162194252,0.007519284263253212,0.03638245910406113,
10,9029,0.025308864191174507,0.014224093407392502,0.03694923594594002,
10,9039,0.020120222121477127,0.012600786983966827,0.025064783170819283,
10,9049,0.016899680718779564,0.0045099323615431786,0.041299160569906235,
10,9059,0.16791224479675293,0.15724748373031616,0.03554918244481087,
10,9069,0.06191502511501312,0.051214221864938736,0.035669341683387756,
10,9079,0.03201354295015335,0.01910264790058136,0.0430363193154335,
10,9089,0.03211779519915581,0.025226393714547157,0.022971337661147118,
10,9099,0.006061173975467682,0.0028615733608603477,0.010665335692465305,
10,9107,,,,0.9544858336448669
11,9109,0.026180006563663483,0.017253419384360313,0.02975529246032238,
11,9119,0.14784939587116241,0.13750407099723816,0.03448442742228508,
11,9129,0.0157557912170887,0.010047245770692825,0.01902848668396473,
11,9139,0.01206364668905735,0.007680334150791168,0.014611042104661465,
11,9149,0.011497355997562408,0.006812515668570995,0.01561613567173481,
11,9159,0.012818470597267151,0.008386925794184208,0.01477181538939476,
11,9169,0.12376527488231659,0.11309506744146347,0.03556736186146736,
11,9179,0.013584095984697342,0.007917951792478561,0.018887147307395935,
11,9189,0.08170776069164276,0.07774888724088669,0.013196239247918129,
11,9199,0.04571083188056946,0.03354601562023163,0.0405493900179863,
11,9209,0.08876941353082657,0.08203289657831192,0.02245505154132843,
11,9219,0.06880101561546326,0.04660407453775406,0.07398980855941772,
11,9229,0.008171314373612404,0.00482036592438817,0.011169828474521637,
11,9239,0.03856926038861275,0.02806098945438862,0.03502756729722023,
11,9249,0.016367478296160698,0.011027667671442032,0.017799366265535355,
11,9259,0.025727827101945877,0.017571257427334785,0.02718856744468212,
11,9269,0.04156537353992462,0.02938370779156685,0.04060555621981621,
11,9279,0.1258101612329483,0.12142829596996307,0.014606229029595852,
11,9289,0.024785690009593964,0.007301964331418276,0.05827908590435982,
11,9299,0.0955197811126709,0.08939138799905777,0.020427988842129707,
11,9309,0.027682000771164894,0.02427034080028534,0.011372200213372707,
11,9319,0.014355756342411041,0.008641999214887619,0.019045857712626457,
11,9329,0.09983786940574646,0.09289292991161346,0.02314978651702404,
11,9339,0.08411765843629837,0.0770973414182663,0.02340104430913925,
11,9349,0.13878843188285828,0.12088955193758011,0.05966293439269066,
11,9359,0.017896786332130432,0.006540562026202679,0.03785407543182373,
11,9369,0.015930406749248505,0.01068869698792696,0.017472364008426666,
11,9379,0.026469551026821136,0.019056251272559166,0.024710997939109802,
11,9389,0.20741070806980133,0.20305073261260986,0.014533257111907005,
11,9399,0.01995984837412834,0.009347674436867237,0.03537391498684883,
11,9409,0.01343620102852583,0.007021266967058182,0.02138311229646206,
11,9419,0.039251916110515594,0.027988087385892868,0.03754609450697899,
11,9429,0.03422382101416588,0.017945215106010437,0.05426201596856117,
11,9439,0.021581757813692093,0.011229069903492928,0.03450895473361015,
11,9449,0.011230787262320518,0.007219932973384857,0.013369514606893063,
11,9459,0.021888606250286102,0.013572348281741142,0.027720855548977852,
11,9469,0.02123856544494629,0.01439762208610773,0.02280314639210701,
11,9479,0.016129866242408752,0.010536808520555496,0.01864352822303772,
11,9489,0.031954072415828705,0.017521653324365616,0.0481080561876297,
11,9499,0.014459231868386269,0.010007593780755997,0.014838791452348232,
11,9509,0.04481601342558861,0.035511378198862076,0.03101545199751854,
11,9519,0.027011554688215256,0.01419144868850708,0.04273368790745735,
11,9529,0.03239757940173149,0.023485302925109863,0.029707588255405426,
11,9539,0.1300479769706726,0.123984195291996,0.02021259069442749,
11,9549,0.018255602568387985,0.00800022017210722,0.03418460488319397,
11,9559,0.04372674971818924,0.03445916250348091,0.030891956761479378,
11,9569,0.11078374832868576,0.09999386221170425,0.03596629574894905,
11,9579,0.014677836559712887,0.00944612082093954,0.01743905246257782,
11,9589,0.0334823913872242,0.024258358404040337,0.03074677474796772,
11,9599,0.15400339663028717,0.1473732441663742,0.02210051380097866,
11,9609,0.021955329924821854,0.00818246603012085,0.045909542590379715,
11,9619,0.036387041211128235,0.018766066059470177,0.05873657390475273,
11,9629,0.02443724311888218,0.016944117844104767,0.02497708424925804,
11,9639,0.02807747758924961,0.01621914468705654,0.0395277738571167,
11,9649,0.016960036009550095,0.011190248653292656,0.019232621416449547,
11,9659,0.01244241464883089,0.004586664028465748,0.026185834780335426,
11,9669,0.09984797239303589,0.08879141509532928,0.03685519099235535,
11,9679,0.021904006600379944,0.011952049098908901,0.03317318856716156,
11,9689,0.0671299397945404,0.05572045221924782,0.03803163766860962,
11,9699,0.06238708645105362,0.055071912705898285,0.02438390627503395,
11,9709,0.042118947952985764,0.02722213789820671,0.04965602979063988,
11,9719,0.0524212010204792,0.04180324822664261,0.03539317473769188,
11,9729,0.025698481127619743,0.02015308104455471,0.01848466508090496,
11,9739,0.05247410759329796,0.04103103280067444,0.0381435789167881,
11,9749,0.02803046815097332,0.007598478812724352,0.06810662895441055,
11,9759,0.026093438267707825,0.01800214871764183,0.026970960199832916,
11,9769,0.0878930538892746,0.07844061404466629,0.031508129090070724,
11,9779,0.13265638053417206,0.12835635244846344,0.014333446510136127,
11,9789,0.029746651649475098,0.02113437093794346,0.028707601130008698,
11,9799,0.28868624567985535,0.26956212520599365,0.06374703347682953,
11,9809,0.013318671844899654,0.009619738906621933,0.012329775840044022,
11,9819,0.023069340735673904,0.019421245902776718,0.012160317972302437,
11,9829,0.011165336705744267,0.007060309872031212,0.013683421537280083,
11,9839,0.01040889136493206,0.0026191023644059896,0.025965962558984756,
11,9849,0.05358634889125824,0.044488128274679184,0.030327394604682922,
11,9859,0.01991399936378002,0.013351346366107464,0.02187550812959671,
11,9869,0.01750069484114647,0.00998879224061966,0.02503967471420765,
11,9879,0.04153953492641449,0.03352651745080948,0.02671005204319954,
11,9889,0.02200789749622345,0.01214072946459055,0.03289055824279785,
11,9899,0.010237343609333038,0.0066851042211055756,0.011840797029435635,
11,9909,0.03751832991838455,0.03276760131120682,0.01583576574921608,
11,9919,0.024405037984251976,0.01838560774922371,0.020064765587449074,
11,9929,0.0739162415266037,0.06837840378284454,0.01845945045351982,
11,9935,,,,0.955597460269928
12,9939,0.028722010552883148,0.014795761555433273,0.046420831233263016,
12,9949,0.00635457644239068,0.004692299757152796,0.005540921818464994,
12,9959,0.03896567225456238,0.028106689453125,0.03619660064578056,
12,9969,0.06436315178871155,0.05860999971628189,0.019177181646227837,
12,9979,0.020297059789299965,0.012962622568011284,0.024448120966553688,
12,9989,0.018817294389009476,0.012829365208745003,0.019959764555096626,
12,9999,0.04753149300813675,0.03286583721637726,0.0488855242729187,
12,10009,0.1318419724702835,0.12474074214696884,0.02367076836526394,
12,10019,0.03897453472018242,0.03308863937854767,0.019619649276137352,
12,10029,0.018497714772820473,0.0069945259019732475,0.03834396228194237,
12,10039,0.0868295431137085,0.07819312810897827,0.028788048774003983,
12,10049,0.03353668749332428,0.025265049189329147,0.02757212333381176,
12,10059,0.017170658335089684,0.012770853005349636,0.014666018076241016,
12,10069,0.4715762138366699,0.4636079668998718,0.026560822501778603,
12,10079,0.02173338085412979,0.018197551369667053,0.011786099523305893,
12,10089,0.02693493291735649,0.019926421344280243,0.023361707106232643,
12,10099,0.01478022150695324,0.00891203060746193,0.019560635089874268,
12,10109,0.009394867345690727,0.004915343597531319,0.01493174396455288,
12,10119,0.08386970311403275,0.07496324181556702,0.029688198119401932,
12,10129,0.022261418402194977,0.013660412281751633,0.028670018538832664,
12,10139,0.010887634940445423,0.003447077702730894,0.02480185590684414,
12,10149,0.02051393687725067,0.013353269547224045,0.02386888861656189,
12,10159,0.0189365204423666,0.008699106983840466,0.0341247096657753,
12,10169,0.021864715963602066,0.01356436125934124,0.027667848393321037,
12,10179,0.0364525243639946,0.024440046399831772,0.04004158452153206,
12,10189,0.02504686638712883,0.020775284618139267,0.014238608069717884,
12,10199,0.00706859678030014,0.0031673507764935493,0.013004152104258537,
12,10209,0.010986220091581345,0.002886229194700718,0.02699996903538704,
12,10219,0.034831251949071884,0.02897562086582184,0.019518770277500153,
12,10229,0.009359112940728664,0.005280783865600824,0.013594429939985275,
12,10239,0.025792904198169708,0.017230141907930374,0.028542535379529,
12,10249,0.038545556366443634,0.028894176706671715,0.03217126429080963,
12,10259,0.23549656569957733,0.21973714232444763,0.0525314062833786,
12,10269,0.16597561538219452,0.15935593843460083,0.022065605968236923,
12,10279,0.021382763981819153,0.01412879303097725,0.02417990006506443,
12,10289,0.01109264139086008,0.004922506399452686,0.020567115396261215,
12,10299,0.017301682382822037,0.007808231748640537,0.03164483234286308,
12,10309,0.020103642717003822,0.007360799238085747,0.042476143687963486,
12,10319,0.019483519718050957,0.007399674039334059,0.040279485285282135,
12,10329,0.0565444678068161,0.05197553336620331,0.015229787677526474,
12,10339,0.02223225310444832,0.01310688629746437,0.03041788563132286,
12,10349,0.008981738239526749,0.00431060791015625,0.015570435672998428,
12,10359,0.19495803117752075,0.1911439746618271,0.012713510543107986,
12,10369,0.17081069946289062,0.16496345400810242,0.01949082501232624,
12,10379,0.18673881888389587,0.17948301136493683,0.02418600022792816,
12,10389,0.04016096144914627,0.022428087890148163,0.059109579771757126,
12,10399,0.012945184484124184,0.009357467293739319,0.011959055438637733,
12,10409,0.04784749075770378,0.041909459978342056,0.0197934377938509,
12,10419,0.021176815032958984,0.00507374107837677,0.05367691069841385,
12,10429,0.02167925424873829,0.008308093063533306,0.04457053542137146,
12,10439,0.008987126871943474,0.003329292871057987,0.018859446048736572,
12,10449,0.08921375125646591,0.08422741293907166,0.016621137037873268,
12,10459,0.02797085978090763,0.020222783088684082,0.025826919823884964,
12,10469,0.030676143243908882,0.021946441382169724,0.029099006205797195,
12,10479,0.14193113148212433,0.12020783871412277,0.07241098582744598,
12,10489,0.0383828841149807,0.022603191435337067,0.052598971873521805,
12,10499,0.009454254992306232,0.0019536400213837624,0.025002049282193184,
12,10509,0.025349972769618034,0.0033953716047108173,0.07318200170993805,
12,10519,0.026936281472444534,0.013419180177152157,0.04505700618028641,
12,10529,0.010148751549422741,0.0015004907036200166,0.02882753498852253,
12,10539,0.3724813163280487,0.3652436137199402,0.0241257231682539,
12,10549,0.038355037569999695,0.025385811924934387,0.04323074594140053,
12,10559,0.18795189261436462,0.17711041867733002,0.03613827005028725,
12,10569,0.012943951413035393,0.007641905918717384,0.017673484981060028,
12,10579,0.10168708115816116,0.09240312874317169,0.030946511775255203,
12,10589,0.0612209215760231,0.056722868233919144,0.014993507415056229,
12,10599,0.037415146827697754,0.01201645378023386,0.0846623107790947,
12,10609,0.13310089707374573,0.11600163578987122,0.056997548788785934,
12,10619,0.016634810715913773,0.005453938618302345,0.03726957365870476,
12,10629,0.010734627023339272,0.0036295177415013313,0.02368369698524475,
12,10639,0.018124235793948174,0.006027185823768377,0.040323495864868164,
12,10649,0.0748080164194107,0.06842006742954254,0.0212931577116251,
12,10659,0.020784929394721985,0.009111633524298668,0.03891098499298096,
12,10669,0.13970118761062622,0.13609760999679565,0.012011941522359848,
12,10679,0.05612458661198616,0.04238023981451988,0.04581448808312416,
12,10689,0.14944688975811005,0.14406798779964447,0.017929682508111,
12,10699,0.024734830483794212,0.016942648217082024,0.025973940268158913,
12,10709,0.024369599297642708,0.01919054239988327,0.01726352423429489,
12,10719,0.03203783556818962,0.023998670279979706,0.0267972182482481,
12,10729,0.019791889935731888,0.007219560444355011,0.04190776124596596,
12,10739,0.024084895849227905,0.013352355919778347,0.035775136202573776,
12,10749,0.02874169312417507,0.024212878197431564,0.015096050687134266,
12,10759,0.020397275686264038,0.010439260862767696,0.03319338336586952,
12,10763,,,,0.9541118741035461
13,10769,0.019231712445616722,0.010627374053001404,0.02868112549185753,
13,10779,0.016716234385967255,0.007759944070130587,0.029854299500584602,
13,10789,0.039317257702350616,0.02860264852643013,0.03571536764502525,
13,10799,0.011868985369801521,0.007667455822229385,0.014005099423229694,
13,10809,0.017580412328243256,0.005412830039858818,0.04055860638618469,
13,10819,0.012769044376909733,0.0019537813495844603,0.03605087473988533,
13,10829,0.08884657919406891,0.07917887717485428,0.032225675880908966,
13,10839,0.03657842054963112,0.021267805248498917,0.051035381853580475,
13,10849,0.020318638533353806,0.011110559105873108,0.030693592503666878,
13,10859,0.01742425002157688,0.003952971659600735,0.044904258102178574,
13,10869,0.009552918374538422,0.003227751236408949,0.021083887666463852,
13,10879,0.028246477246284485,0.017942145466804504,0.0343477725982666,
13,10889,0.03263005241751671,0.019736941903829575,0.04297703132033348,
13,10899,0.008346112444996834,0.0036855749785900116,0.015535123646259308,
13,10909,0.01446561235934496,0.010359387844800949,0.01368741411715746,
13,10919,0.025404740124940872,0.017841391265392303,0.025211161002516747,
13,10929,0.01776657998561859,0.007349174469709396,0.034724682569503784,
13,10939,0.21339645981788635,0.20603390038013458,0.02454187348484993,
13,10949,0.025611937046051025,0.013006490655243397,0.04201815277338028,
13,10959,0.019807659089565277,0.011557918041944504,0.027499137446284294,
13,10969,0.04937221109867096,0.04297365993261337,0.021328503265976906,
13,10979,0.02039077877998352,0.014867301099002361,0.01841159164905548,
13,10989,0.22312293946743011,0.21657675504684448,0.021820614114403725,
13,10999,0.014275625348091125,0.009811047464609146,0.014881927520036697,
13,11009,0.07598907500505447,0.07076205313205719,0.01742340810596943,
13,11019,0.20189450681209564,0.1980360746383667,0.012861435301601887,
13,11029,0.028964795172214508,0.019465547055006027,0.031664155423641205,
13,11039,0.0384577140212059,0.03407051041722298,0.014624018222093582,
13,11049,0.02125389128923416,0.009073872119188309,0.04060006141662598,
13,11059,0.030562471598386765,0.020220261067152023,0.03447403758764267,
13,11069,0.025278005748987198,0.011407705023884773,0.046234335750341415,
13,11079,0.01989278942346573,0.005317024886608124,0.04858587682247162,
13,11089,0.08723879605531693,0.08448409289121628,0.0091823386028409,
13,11099,0.06977353245019913,0.06031408905982971,0.03153148293495178,
13,11109,0.030288875102996826,0.02630377560853958,0.013283663429319859,
13,11119,0.04746691882610321,0.044193096458911896,0.010912740603089333,
13,11129,0.013611008413136005,0.011872421018779278,0.005795292090624571,
13,11139,0.02101275324821472,0.007924709469079971,0.0436268150806427,
13,11149,0.1932683140039444,0.1837087869644165,0.031865090131759644,
13,11159,0.00981682725250721,0.00480241421610117,0.016714710742235184,
13,11169,0.02295045554637909,0.01271656434983015,0.034112971276044846,
13,11179,0.018088791519403458,0.010226406157016754,0.026207948103547096,
13,11189,0.012437345460057259,0.0043800268322229385,0.026857726275920868,
13,11199,0.03239675983786583,0.02393597736954689,0.028202610090374947,
13,11209,0.1776484102010727,0.1678924262523651,0.03251996263861656,
13,11219,0.0425262525677681,0.034644100815057755,0.02627384290099144,
13,11229,0.01495987270027399,0.005813506431877613,0.03048788756132126,
13,11239,0.15828731656074524,0.15603168308734894,0.007518777158111334,
13,11249,0.010796972550451756,0.006999404169619083,0.01265855971723795,
13,11259,0.011040791869163513,0.0047553484328091145,0.02095147781074047,
13,11269,0.08776877820491791,0.07999228686094284,0.025921637192368507,
13,11279,0.13823053240776062,0.13122425973415375,0.023354237899184227,
13,11289,0.01630125194787979,0.009702181443572044,0.02199689857661724,
13,11299,0.03281334042549133,0.026309095323085785,0.021680809557437897,
13,11309,0.055097561329603195,0.04244837909936905,0.04216393455862999,
13,11319,0.013476718217134476,0.00579590629786253,0.025602705776691437,
13,11329,0.24166087806224823,0.23498806357383728,0.022242700681090355,
13,11339,0.01993430033326149,0.006623133085668087,0.044370558112859726,
13,11349,0.03350066766142845,0.0291658416390419,0.014449420385062695,
13,11359,0.03639764338731766,0.027304578572511673,0.030310215428471565,
13,11369,0.018924444913864136,0.013619163073599339,0.017684275284409523,
13,11379,0.03775027394294739,0.026586677879095078,0.03721198812127113,
13,11389,0.013215549290180206,0.007336212322115898,0.019597787410020828,
13,11399,0.22117212414741516,0.21596738696098328,0.01734909974038601,
13,11409,0.02634359337389469,0.02310662902891636,0.01078987866640091,
13,11419,0.029688522219657898,0.02045312523841858,0.03078465536236763,
13,11429,0.009047502651810646,0.0027868165634572506,0.020868953317403793,
13,11439,0.01010859478265047,0.005796629935503006,0.014373215846717358,
13,11449,0.3478493094444275,0.33132076263427734,0.05509519949555397,
13,11459,0.23563310503959656,0.22222748398780823,0.044685401022434235,
13,11469,0.03126684948801994,0.02444794960319996,0.0227296631783247,
13,11479,0.16099490225315094,0.15365815162658691,0.02445582114160061,
13,11489,0.00913749448955059,0.006122632883489132,0.010049539618194103,
13,11499,0.17811895906925201,0.16582989692687988,0.04096353054046631,
13,11509,0.0833597183227539,0.07784128189086914,0.01839478872716427,
13,11519,0.055703356862068176,0.0456962026655674,0.033357173204422,
13,11529,0.16749826073646545,0.15166132152080536,0.05278981849551201,
13,11539,0.022535810247063637,0.009458333253860474,0.043591588735580444,
13,11549,0.17839479446411133,0.17109009623527527,0.024348987266421318,
13,11559,0.0148598188534379,0.0067140283063054085,0.027152635157108307,
13,11569,0.12216455489397049,0.1150224581360817,0.023806992918252945,
13,11579,0.2323223054409027,0.2227812111377716,0.031803641468286514,
13,11589,0.04342649504542351,0.03332001715898514,0.0336882546544075,
13,11591,,,,0.9566687345504761
