AAC(3)-I	confers_resistance_to	carbapenem
AAC(3)-I	belongs_to_class	aminoglycoside_modifying_enzyme
AAC(3)-II,III,IV,VI,VIII,IX,X	confers_resistance_to	carbapenem
AAC(3)-II,III,IV,VI,VIII,IX,X	belongs_to_class	aminoglycoside_modifying_enzyme
AAC(3)-IIa	confers_resistance_to	carbapenem
AAC(3)-IIa	belongs_to_class	aminoglycoside_modifying_enzyme
AAC(3)-IIc	confers_resistance_to	carbapenem
AAC(3)-IIc	belongs_to_class	aminoglycoside_modifying_enzyme
AAC(3)-IV	confers_resistance_to	carbapenem
AAC(3)-IV	belongs_to_class	aminoglycoside_modifying_enzyme
AAC(3)-Ib	confers_resistance_to	carbapenem
AAC(3)-Ib	belongs_to_class	aminoglycoside_modifying_enzyme
AAC(6')-33	confers_resistance_to	carbapenem
AAC(6')-33	belongs_to_class	aminoglycoside_modifying_enzyme
AAC(6')-Ia (and related AACs)	confers_resistance_to	carbapenem
AAC(6')-Ia (and related AACs)	belongs_to_class	aminoglycoside_modifying_enzyme
AAC(6')-Ib	confers_resistance_to	carbapenem
AAC(6')-Ib	belongs_to_class	aminoglycoside_modifying_enzyme
AAC(6')-Ib'	confers_resistance_to	carbapenem
AAC(6')-Ib'	belongs_to_class	aminoglycoside_modifying_enzyme
AAC(6')-Ib-cr	confers_resistance_to	carbapenem
AAC(6')-Ib-cr	belongs_to_class	aminoglycoside_modifying_enzyme
AAC(6')-Ib/AAC(6')-II	confers_resistance_to	carbapenem
AAC(6')-Ib/AAC(6')-II	belongs_to_class	aminoglycoside_modifying_enzyme
AAC(6')-Ib10	confers_resistance_to	carbapenem
AAC(6')-Ib10	belongs_to_class	aminoglycoside_modifying_enzyme
AAC(6')-Ib4	confers_resistance_to	carbapenem
AAC(6')-Ib4	belongs_to_class	aminoglycoside_modifying_enzyme
AAC(6')-Ib7	confers_resistance_to	carbapenem
AAC(6')-Ib7	belongs_to_class	aminoglycoside_modifying_enzyme
AAC(6')-Ib8	confers_resistance_to	carbapenem
AAC(6')-Ib8	belongs_to_class	aminoglycoside_modifying_enzyme
AAC(6')-Ib9	confers_resistance_to	carbapenem
AAC(6')-Ib9	belongs_to_class	aminoglycoside_modifying_enzyme
AAC(6')-Ic,f,g,h,j,k,l,r-z	confers_resistance_to	carbapenem
AAC(6')-Ic,f,g,h,j,k,l,r-z	belongs_to_class	aminoglycoside_modifying_enzyme
ANT(2'')-Ia	confers_resistance_to	carbapenem
ANT(2'')-Ia	belongs_to_class	aminoglycoside_modifying_enzyme
APH(3'')-I	confers_resistance_to	carbapenem
APH(3'')-I	belongs_to_class	aminoglycoside_modifying_enzyme
APH(3'')-Ib	confers_resistance_to	carbapenem
APH(3'')-Ib	belongs_to_class	aminoglycoside_modifying_enzyme
APH(3')-I	confers_resistance_to	carbapenem
APH(3')-I	belongs_to_class	aminoglycoside_modifying_enzyme
APH(3')-III/APH(3')-IV/APH(3')-VI/APH(3')-VII	confers_resistance_to	carbapenem
APH(3')-III/APH(3')-IV/APH(3')-VI/APH(3')-VII	belongs_to_class	aminoglycoside_modifying_enzyme
APH(3')-Ia	confers_resistance_to	carbapenem
APH(3')-Ia	belongs_to_class	aminoglycoside_modifying_enzyme
APH(3')-VI	confers_resistance_to	carbapenem
APH(3')-VI	belongs_to_class	aminoglycoside_modifying_enzyme
APH(4)-I	confers_resistance_to	carbapenem
APH(4)-I	belongs_to_class	aminoglycoside_modifying_enzyme
APH(4)-Ia	confers_resistance_to	carbapenem
APH(4)-Ia	belongs_to_class	aminoglycoside_modifying_enzyme
APH(6)-Ic/APH(6)-Id	confers_resistance_to	carbapenem
APH(6)-Ic/APH(6)-Id	belongs_to_class	aminoglycoside_modifying_enzyme
APH(6)-Id	confers_resistance_to	carbapenem
APH(6)-Id	belongs_to_class	aminoglycoside_modifying_enzyme
AcrAB-TolC	confers_resistance_to	carbapenem
AcrAB-TolC	belongs_to_class	efflux_pump
AcrAD-TolC	confers_resistance_to	carbapenem
AcrAD-TolC	belongs_to_class	efflux_pump
AcrEF-TolC	confers_resistance_to	carbapenem
AcrEF-TolC	belongs_to_class	other_mechanism
AcrZ	confers_resistance_to	carbapenem
AcrZ	belongs_to_class	other_mechanism
Alr	confers_resistance_to	carbapenem
Alr	belongs_to_class	other_mechanism
BcrC	confers_resistance_to	carbapenem
BcrC	belongs_to_class	other_mechanism
CMY-2	confers_resistance_to	carbapenem
CMY-2	belongs_to_class	beta_lactamase
CMY/CMY-2/CFE/LAT family	confers_resistance_to	carbapenem
CMY/CMY-2/CFE/LAT family	belongs_to_class	beta_lactamase
CRP	confers_resistance_to	carbapenem
CRP	belongs_to_class	other_mechanism
CTX-M family	confers_resistance_to	carbapenem
CTX-M family	belongs_to_class	beta_lactamase
CTX-M-11	confers_resistance_to	carbapenem
CTX-M-11	belongs_to_class	beta_lactamase
CTX-M-14	confers_resistance_to	carbapenem
CTX-M-14	belongs_to_class	beta_lactamase
CTX-M-15	confers_resistance_to	carbapenem
CTX-M-15	belongs_to_class	beta_lactamase
CTX-M-27	confers_resistance_to	carbapenem
CTX-M-27	belongs_to_class	beta_lactamase
CTX-M-3	confers_resistance_to	carbapenem
CTX-M-3	belongs_to_class	beta_lactamase
CatA1/CatA4 family	confers_resistance_to	carbapenem
CatA1/CatA4 family	belongs_to_class	chloramphenicol_acetyltransferase
CatA2 family	confers_resistance_to	carbapenem
CatA2 family	belongs_to_class	chloramphenicol_acetyltransferase
CatB family	confers_resistance_to	carbapenem
CatB family	belongs_to_class	chloramphenicol_acetyltransferase
CmlA family	confers_resistance_to	carbapenem
CmlA family	belongs_to_class	chloramphenicol_efflux
DHA-1	confers_resistance_to	carbapenem
DHA-1	belongs_to_class	beta_lactamase
DHA-6	confers_resistance_to	carbapenem
DHA-6	belongs_to_class	beta_lactamase
DHA/MOR family	confers_resistance_to	carbapenem
DHA/MOR family	belongs_to_class	beta_lactamase
Ddl	confers_resistance_to	carbapenem
Ddl	belongs_to_class	other_mechanism
EF-G	confers_resistance_to	carbapenem
EF-G	belongs_to_class	other_mechanism
EF-Tu	confers_resistance_to	carbapenem
EF-Tu	belongs_to_class	other_mechanism
EmrAB-OMF	confers_resistance_to	carbapenem
EmrAB-OMF	belongs_to_class	other_mechanism
EmrAB-TolC	confers_resistance_to	carbapenem
EmrAB-TolC	belongs_to_class	other_mechanism
EmrD	confers_resistance_to	carbapenem
EmrD	belongs_to_class	other_mechanism
EmrKY-TolC	confers_resistance_to	carbapenem
EmrKY-TolC	belongs_to_class	other_mechanism
EreA family	confers_resistance_to	carbapenem
EreA family	belongs_to_class	other_mechanism
EreA2	confers_resistance_to	carbapenem
EreA2	belongs_to_class	other_mechanism
Erm(B)	confers_resistance_to	carbapenem
Erm(B)	belongs_to_class	macrolide_resistance
ErmB	confers_resistance_to	carbapenem
ErmB	belongs_to_class	macrolide_resistance
FloR family	confers_resistance_to	carbapenem
FloR family	belongs_to_class	other_mechanism
FosA2	confers_resistance_to	carbapenem
FosA2	belongs_to_class	other_mechanism
FosA5	confers_resistance_to	carbapenem
FosA5	belongs_to_class	other_mechanism
GdpD	confers_resistance_to	carbapenem
GdpD	belongs_to_class	other_mechanism
GlpT	confers_resistance_to	carbapenem
GlpT	belongs_to_class	other_mechanism
H-NS	confers_resistance_to	carbapenem
H-NS	belongs_to_class	other_mechanism
IMP-4	confers_resistance_to	carbapenem
IMP-4	belongs_to_class	carbapenemase
Iso-tRNA	confers_resistance_to	carbapenem
Iso-tRNA	belongs_to_class	other_mechanism
KPC family	confers_resistance_to	carbapenem
KPC family	belongs_to_class	carbapenemase
KPC-2	confers_resistance_to	carbapenem
KPC-2	belongs_to_class	carbapenemase
KPC-3	confers_resistance_to	carbapenem
KPC-3	belongs_to_class	carbapenemase
KPC-4	confers_resistance_to	carbapenem
KPC-4	belongs_to_class	carbapenemase
KatG	confers_resistance_to	carbapenem
KatG	belongs_to_class	other_mechanism
LAP family	confers_resistance_to	carbapenem
LAP family	belongs_to_class	other_mechanism
MacA	confers_resistance_to	carbapenem
MacA	belongs_to_class	other_mechanism
MacB	confers_resistance_to	carbapenem
MacB	belongs_to_class	other_mechanism
MarA	confers_resistance_to	carbapenem
MarA	belongs_to_class	other_mechanism
MarB	confers_resistance_to	carbapenem
MarB	belongs_to_class	other_mechanism
MarR	confers_resistance_to	carbapenem
MarR	belongs_to_class	other_mechanism
MdfA/Cmr	confers_resistance_to	carbapenem
MdfA/Cmr	belongs_to_class	other_mechanism
MdtABC-TolC	confers_resistance_to	carbapenem
MdtABC-TolC	belongs_to_class	other_mechanism
MdtL	confers_resistance_to	carbapenem
MdtL	belongs_to_class	other_mechanism
MdtM	confers_resistance_to	carbapenem
MdtM	belongs_to_class	other_mechanism
Mef(B)	confers_resistance_to	carbapenem
Mef(B)	belongs_to_class	other_mechanism
Mph(A) family	confers_resistance_to	carbapenem
Mph(A) family	belongs_to_class	macrolide_resistance
Mph(E)/Mph(G) family	confers_resistance_to	carbapenem
Mph(E)/Mph(G) family	belongs_to_class	macrolide_resistance
Mrx	confers_resistance_to	carbapenem
Mrx	belongs_to_class	other_mechanism
Msr(E)	confers_resistance_to	carbapenem
Msr(E)	belongs_to_class	macrolide_efflux
MurA	confers_resistance_to	carbapenem
MurA	belongs_to_class	other_mechanism
NDM family	confers_resistance_to	carbapenem
NDM family	belongs_to_class	carbapenemase
NDM-1	confers_resistance_to	carbapenem
NDM-1	belongs_to_class	carbapenemase
NDM-5	confers_resistance_to	carbapenem
NDM-5	belongs_to_class	carbapenemase
OKP-B family	confers_resistance_to	carbapenem
OKP-B family	belongs_to_class	other_mechanism
OKP-B-2	confers_resistance_to	carbapenem
OKP-B-2	belongs_to_class	other_mechanism
OKP-B-7	confers_resistance_to	carbapenem
OKP-B-7	belongs_to_class	other_mechanism
OXA-1	confers_resistance_to	carbapenem
OXA-1	belongs_to_class	beta_lactamase
OXA-1 family	confers_resistance_to	carbapenem
OXA-1 family	belongs_to_class	beta_lactamase
OXA-10	confers_resistance_to	carbapenem
OXA-10	belongs_to_class	beta_lactamase
OXA-10 family	confers_resistance_to	carbapenem
OXA-10 family	belongs_to_class	beta_lactamase
OXA-181	confers_resistance_to	carbapenem
OXA-181	belongs_to_class	beta_lactamase
OXA-232	confers_resistance_to	carbapenem
OXA-232	belongs_to_class	beta_lactamase
OXA-48	confers_resistance_to	carbapenem
OXA-48	belongs_to_class	beta_lactamase
OXA-48 family	confers_resistance_to	carbapenem
OXA-48 family	belongs_to_class	beta_lactamase
OXA-9	confers_resistance_to	carbapenem
OXA-9	belongs_to_class	beta_lactamase
OXY-1-4	confers_resistance_to	carbapenem
OXY-1-4	belongs_to_class	other_mechanism
OccD6/OprQ	confers_resistance_to	carbapenem
OccD6/OprQ	belongs_to_class	other_mechanism
OmpK35	confers_resistance_to	carbapenem
OmpK35	belongs_to_class	other_mechanism
OmpK36	confers_resistance_to	carbapenem
OmpK36	belongs_to_class	other_mechanism
OprB	confers_resistance_to	carbapenem
OprB	belongs_to_class	other_mechanism
OxyR	confers_resistance_to	carbapenem
OxyR	belongs_to_class	other_mechanism
PgsA	confers_resistance_to	carbapenem
PgsA	belongs_to_class	other_mechanism
PhoP	confers_resistance_to	carbapenem
PhoP	belongs_to_class	other_mechanism
PmrF	confers_resistance_to	carbapenem
PmrF	belongs_to_class	other_mechanism
QacE	confers_resistance_to	carbapenem
QacE	belongs_to_class	other_mechanism
QnrA1	confers_resistance_to	carbapenem
QnrA1	belongs_to_class	quinolone_protection
QnrB family	confers_resistance_to	carbapenem
QnrB family	belongs_to_class	quinolone_protection
QnrB1	confers_resistance_to	carbapenem
QnrB1	belongs_to_class	quinolone_protection
QnrB10	confers_resistance_to	carbapenem
QnrB10	belongs_to_class	quinolone_protection
QnrB19	confers_resistance_to	carbapenem
QnrB19	belongs_to_class	quinolone_protection
QnrB2	confers_resistance_to	carbapenem
QnrB2	belongs_to_class	quinolone_protection
QnrB4	confers_resistance_to	carbapenem
QnrB4	belongs_to_class	quinolone_protection
QnrB6	confers_resistance_to	carbapenem
QnrB6	belongs_to_class	quinolone_protection
QnrS1	confers_resistance_to	carbapenem
QnrS1	belongs_to_class	quinolone_protection
S10p	confers_resistance_to	carbapenem
S10p	belongs_to_class	other_mechanism
S12p	confers_resistance_to	carbapenem
S12p	belongs_to_class	other_mechanism
SHV family	confers_resistance_to	carbapenem
SHV family	belongs_to_class	beta_lactamase
SHV-1	confers_resistance_to	carbapenem
SHV-1	belongs_to_class	beta_lactamase
SHV-11	confers_resistance_to	carbapenem
SHV-11	belongs_to_class	beta_lactamase
SHV-13	confers_resistance_to	carbapenem
SHV-13	belongs_to_class	beta_lactamase
SHV-155	confers_resistance_to	carbapenem
SHV-155	belongs_to_class	beta_lactamase
SHV-16	confers_resistance_to	carbapenem
SHV-16	belongs_to_class	beta_lactamase
SHV-168	confers_resistance_to	carbapenem
SHV-168	belongs_to_class	beta_lactamase
SHV-187	confers_resistance_to	carbapenem
SHV-187	belongs_to_class	beta_lactamase
SHV-2	confers_resistance_to	carbapenem
SHV-2	belongs_to_class	beta_lactamase
SHV-26	confers_resistance_to	carbapenem
SHV-26	belongs_to_class	beta_lactamase
SHV-27	confers_resistance_to	carbapenem
SHV-27	belongs_to_class	beta_lactamase
SHV-28	confers_resistance_to	carbapenem
SHV-28	belongs_to_class	beta_lactamase
SHV-2A	confers_resistance_to	carbapenem
SHV-2A	belongs_to_class	beta_lactamase
SHV-30	confers_resistance_to	carbapenem
SHV-30	belongs_to_class	beta_lactamase
SHV-33	confers_resistance_to	carbapenem
SHV-33	belongs_to_class	beta_lactamase
SHV-36	confers_resistance_to	carbapenem
SHV-36	belongs_to_class	beta_lactamase
SHV-5	confers_resistance_to	carbapenem
SHV-5	belongs_to_class	beta_lactamase
SHV-62	confers_resistance_to	carbapenem
SHV-62	belongs_to_class	beta_lactamase
SHV-64	confers_resistance_to	carbapenem
SHV-64	belongs_to_class	beta_lactamase
SHV-7	confers_resistance_to	carbapenem
SHV-7	belongs_to_class	beta_lactamase
SHV-76	confers_resistance_to	carbapenem
SHV-76	belongs_to_class	beta_lactamase
SHV-8	confers_resistance_to	carbapenem
SHV-8	belongs_to_class	beta_lactamase
SHV-86	confers_resistance_to	carbapenem
SHV-86	belongs_to_class	beta_lactamase
SHV-9	confers_resistance_to	carbapenem
SHV-9	belongs_to_class	beta_lactamase
SugE	confers_resistance_to	carbapenem
SugE	belongs_to_class	other_mechanism
TEM family	confers_resistance_to	carbapenem
TEM family	belongs_to_class	beta_lactamase
TEM-1	confers_resistance_to	carbapenem
TEM-1	belongs_to_class	beta_lactamase
TEM-12	confers_resistance_to	carbapenem
TEM-12	belongs_to_class	beta_lactamase
TEM-54	confers_resistance_to	carbapenem
TEM-54	belongs_to_class	beta_lactamase
TEM-84	confers_resistance_to	carbapenem
TEM-84	belongs_to_class	beta_lactamase
Tet(A)	confers_resistance_to	carbapenem
Tet(A)	belongs_to_class	efflux_pump
Tet(B)	confers_resistance_to	carbapenem
Tet(B)	belongs_to_class	efflux_pump
Tet(D)	confers_resistance_to	carbapenem
Tet(D)	belongs_to_class	efflux_pump
Tet(G)	confers_resistance_to	carbapenem
Tet(G)	belongs_to_class	efflux_pump
TolC/OpmH	confers_resistance_to	carbapenem
TolC/OpmH	belongs_to_class	efflux_pump
UhpT	confers_resistance_to	carbapenem
UhpT	belongs_to_class	other_mechanism
VIM family	confers_resistance_to	carbapenem
VIM family	belongs_to_class	carbapenemase
VIM-1	confers_resistance_to	carbapenem
VIM-1	belongs_to_class	carbapenemase
VIM-27	confers_resistance_to	carbapenem
VIM-27	belongs_to_class	carbapenemase
YojI	confers_resistance_to	carbapenem
YojI	belongs_to_class	other_mechanism
aac(3)	confers_resistance_to	carbapenem
aac(3)	belongs_to_class	aminoglycoside_modifying_enzyme
aac(6')-Ib	confers_resistance_to	carbapenem
aac(6')-Ib	belongs_to_class	aminoglycoside_modifying_enzyme
aac(6')-Il	confers_resistance_to	carbapenem
aac(6')-Il	belongs_to_class	aminoglycoside_modifying_enzyme
aacA-aphD	confers_resistance_to	carbapenem
aacA-aphD	belongs_to_class	aminoglycoside_modifying_enzyme
aacA4	confers_resistance_to	carbapenem
aacA4	belongs_to_class	aminoglycoside_modifying_enzyme
aacC4	confers_resistance_to	carbapenem
aacC4	belongs_to_class	aminoglycoside_modifying_enzyme
aadA	confers_resistance_to	carbapenem
aadA	belongs_to_class	aminoglycoside_modifying_enzyme
aadA1	confers_resistance_to	carbapenem
aadA1	belongs_to_class	aminoglycoside_modifying_enzyme
aadA15	confers_resistance_to	carbapenem
aadA15	belongs_to_class	aminoglycoside_modifying_enzyme
aadA16	confers_resistance_to	carbapenem
aadA16	belongs_to_class	aminoglycoside_modifying_enzyme
aadA2	confers_resistance_to	carbapenem
aadA2	belongs_to_class	aminoglycoside_modifying_enzyme
aadA24	confers_resistance_to	carbapenem
aadA24	belongs_to_class	aminoglycoside_modifying_enzyme
aadA3	confers_resistance_to	carbapenem
aadA3	belongs_to_class	aminoglycoside_modifying_enzyme
aadA5	confers_resistance_to	carbapenem
aadA5	belongs_to_class	aminoglycoside_modifying_enzyme
aadB	confers_resistance_to	carbapenem
aadB	belongs_to_class	aminoglycoside_modifying_enzyme
acrA	confers_resistance_to	carbapenem
acrA	belongs_to_class	efflux_pump
acrA_1	confers_resistance_to	carbapenem
acrA_1	belongs_to_class	efflux_pump
acrA_2	confers_resistance_to	carbapenem
acrA_2	belongs_to_class	efflux_pump
acrA_3	confers_resistance_to	carbapenem
acrA_3	belongs_to_class	efflux_pump
acrB	confers_resistance_to	carbapenem
acrB	belongs_to_class	efflux_pump
acrB_1	confers_resistance_to	carbapenem
acrB_1	belongs_to_class	efflux_pump
acrB_2	confers_resistance_to	carbapenem
acrB_2	belongs_to_class	efflux_pump
acrB_3	confers_resistance_to	carbapenem
acrB_3	belongs_to_class	efflux_pump
acrB_4	confers_resistance_to	carbapenem
acrB_4	belongs_to_class	efflux_pump
acrB_5	confers_resistance_to	carbapenem
acrB_5	belongs_to_class	efflux_pump
acrD	confers_resistance_to	carbapenem
acrD	belongs_to_class	other_mechanism
acrE	confers_resistance_to	carbapenem
acrE	belongs_to_class	other_mechanism
acrF	confers_resistance_to	carbapenem
acrF	belongs_to_class	other_mechanism
acrR	confers_resistance_to	carbapenem
acrR	belongs_to_class	other_mechanism
acrR_1	confers_resistance_to	carbapenem
acrR_1	belongs_to_class	other_mechanism
acrR_2	confers_resistance_to	carbapenem
acrR_2	belongs_to_class	other_mechanism
acrZ	confers_resistance_to	carbapenem
acrZ	belongs_to_class	other_mechanism
alaS	confers_resistance_to	carbapenem
alaS	belongs_to_class	other_mechanism
alr	confers_resistance_to	carbapenem
alr	belongs_to_class	other_mechanism
alr1	confers_resistance_to	carbapenem
alr1	belongs_to_class	other_mechanism
alr_1	confers_resistance_to	carbapenem
alr_1	belongs_to_class	other_mechanism
alr_2	confers_resistance_to	carbapenem
alr_2	belongs_to_class	other_mechanism
ampC	confers_resistance_to	carbapenem
ampC	belongs_to_class	other_mechanism
ant1	confers_resistance_to	carbapenem
ant1	belongs_to_class	aminoglycoside_modifying_enzyme
ant1_1	confers_resistance_to	carbapenem
ant1_1	belongs_to_class	aminoglycoside_modifying_enzyme
ant1_2	confers_resistance_to	carbapenem
ant1_2	belongs_to_class	aminoglycoside_modifying_enzyme
aph(3'')-Ib	confers_resistance_to	carbapenem
aph(3'')-Ib	belongs_to_class	aminoglycoside_modifying_enzyme
aph(3')-VI	confers_resistance_to	carbapenem
aph(3')-VI	belongs_to_class	aminoglycoside_modifying_enzyme
aph(6)-I	confers_resistance_to	carbapenem
aph(6)-I	belongs_to_class	aminoglycoside_modifying_enzyme
armA	confers_resistance_to	carbapenem
armA	belongs_to_class	other_mechanism
arnA	confers_resistance_to	carbapenem
arnA	belongs_to_class	other_mechanism
arnB	confers_resistance_to	carbapenem
arnB	belongs_to_class	other_mechanism
arnB_1	confers_resistance_to	carbapenem
arnB_1	belongs_to_class	other_mechanism
arnB_2	confers_resistance_to	carbapenem
arnB_2	belongs_to_class	other_mechanism
arnC	confers_resistance_to	carbapenem
arnC	belongs_to_class	other_mechanism
arnD	confers_resistance_to	carbapenem
arnD	belongs_to_class	other_mechanism
arnE	confers_resistance_to	carbapenem
arnE	belongs_to_class	other_mechanism
arnF	confers_resistance_to	carbapenem
arnF	belongs_to_class	other_mechanism
arnT	confers_resistance_to	carbapenem
arnT	belongs_to_class	other_mechanism
arr	confers_resistance_to	carbapenem
arr	belongs_to_class	other_mechanism
arr-2	confers_resistance_to	carbapenem
arr-2	belongs_to_class	other_mechanism
arr-3	confers_resistance_to	carbapenem
arr-3	belongs_to_class	other_mechanism
bacA	confers_resistance_to	carbapenem
bacA	belongs_to_class	other_mechanism
baeR	confers_resistance_to	carbapenem
baeR	belongs_to_class	other_mechanism
basR	confers_resistance_to	carbapenem
basR	belongs_to_class	other_mechanism
basR_1	confers_resistance_to	carbapenem
basR_1	belongs_to_class	other_mechanism
basR_2	confers_resistance_to	carbapenem
basR_2	belongs_to_class	other_mechanism
basS	confers_resistance_to	carbapenem
basS	belongs_to_class	other_mechanism
bcr	confers_resistance_to	carbapenem
bcr	belongs_to_class	other_mechanism
bcr_1	confers_resistance_to	carbapenem
bcr_1	belongs_to_class	other_mechanism
bcr_2	confers_resistance_to	carbapenem
bcr_2	belongs_to_class	other_mechanism
bcr_3	confers_resistance_to	carbapenem
bcr_3	belongs_to_class	other_mechanism
bepD	confers_resistance_to	carbapenem
bepD	belongs_to_class	other_mechanism
bepE	confers_resistance_to	carbapenem
bepE	belongs_to_class	other_mechanism
bepE_1	confers_resistance_to	carbapenem
bepE_1	belongs_to_class	other_mechanism
bepE_2	confers_resistance_to	carbapenem
bepE_2	belongs_to_class	other_mechanism
bepE_3	confers_resistance_to	carbapenem
bepE_3	belongs_to_class	other_mechanism
bepF	confers_resistance_to	carbapenem
bepF	belongs_to_class	other_mechanism
bepF_1	confers_resistance_to	carbapenem
bepF_1	belongs_to_class	other_mechanism
bla	confers_resistance_to	carbapenem
bla	belongs_to_class	beta_lactamase
blaCTX-M	confers_resistance_to	carbapenem
blaCTX-M	belongs_to_class	beta_lactamase
blaNDM-1_1	confers_resistance_to	carbapenem
blaNDM-1_1	belongs_to_class	beta_lactamase
blaNDM-1_2	confers_resistance_to	carbapenem
blaNDM-1_2	belongs_to_class	beta_lactamase
blaNDM-1_3	confers_resistance_to	carbapenem
blaNDM-1_3	belongs_to_class	beta_lactamase
blaOKP	confers_resistance_to	carbapenem
blaOKP	belongs_to_class	beta_lactamase
blaOXA	confers_resistance_to	carbapenem
blaOXA	belongs_to_class	beta_lactamase
blaSHV	confers_resistance_to	carbapenem
blaSHV	belongs_to_class	beta_lactamase
blaT-6	confers_resistance_to	carbapenem
blaT-6	belongs_to_class	beta_lactamase
blaTEM	confers_resistance_to	carbapenem
blaTEM	belongs_to_class	beta_lactamase
bla_1	confers_resistance_to	carbapenem
bla_1	belongs_to_class	beta_lactamase
bla_2	confers_resistance_to	carbapenem
bla_2	belongs_to_class	beta_lactamase
bla_3	confers_resistance_to	carbapenem
bla_3	belongs_to_class	beta_lactamase
bla_4	confers_resistance_to	carbapenem
bla_4	belongs_to_class	beta_lactamase
bla_5	confers_resistance_to	carbapenem
bla_5	belongs_to_class	beta_lactamase
ble	confers_resistance_to	carbapenem
ble	belongs_to_class	other_mechanism
bleO	confers_resistance_to	carbapenem
bleO	belongs_to_class	other_mechanism
bm3R1	confers_resistance_to	carbapenem
bm3R1	belongs_to_class	other_mechanism
bpeF	confers_resistance_to	carbapenem
bpeF	belongs_to_class	other_mechanism
cat	confers_resistance_to	carbapenem
cat	belongs_to_class	chloramphenicol_acetyltransferase
catB	confers_resistance_to	carbapenem
catB	belongs_to_class	chloramphenicol_acetyltransferase
catB3	confers_resistance_to	carbapenem
catB3	belongs_to_class	chloramphenicol_acetyltransferase
catI	confers_resistance_to	carbapenem
catI	belongs_to_class	chloramphenicol_acetyltransferase
catII	confers_resistance_to	carbapenem
catII	belongs_to_class	chloramphenicol_acetyltransferase
cat_2	confers_resistance_to	carbapenem
cat_2	belongs_to_class	chloramphenicol_acetyltransferase
ccrB	confers_resistance_to	carbapenem
ccrB	belongs_to_class	other_mechanism
cirA_1	confers_resistance_to	carbapenem
cirA_1	belongs_to_class	other_mechanism
cirA_2	confers_resistance_to	carbapenem
cirA_2	belongs_to_class	other_mechanism
cirA_3	confers_resistance_to	carbapenem
cirA_3	belongs_to_class	other_mechanism
citA	confers_resistance_to	carbapenem
citA	belongs_to_class	other_mechanism
citA_1	confers_resistance_to	carbapenem
citA_1	belongs_to_class	other_mechanism
citA_2	confers_resistance_to	carbapenem
citA_2	belongs_to_class	other_mechanism
cmlA	confers_resistance_to	carbapenem
cmlA	belongs_to_class	chloramphenicol_efflux
cmlA2	confers_resistance_to	carbapenem
cmlA2	belongs_to_class	chloramphenicol_efflux
cmr	confers_resistance_to	carbapenem
cmr	belongs_to_class	other_mechanism
cobO	confers_resistance_to	carbapenem
cobO	belongs_to_class	other_mechanism
cpxA	confers_resistance_to	carbapenem
cpxA	belongs_to_class	other_mechanism
cpxR	confers_resistance_to	carbapenem
cpxR	belongs_to_class	other_mechanism
crcB	confers_resistance_to	carbapenem
crcB	belongs_to_class	other_mechanism
crp	confers_resistance_to	carbapenem
crp	belongs_to_class	other_mechanism
csrA	confers_resistance_to	carbapenem
csrA	belongs_to_class	other_mechanism
cysB	confers_resistance_to	carbapenem
cysB	belongs_to_class	other_mechanism
cysB_1	confers_resistance_to	carbapenem
cysB_1	belongs_to_class	other_mechanism
cysB_2	confers_resistance_to	carbapenem
cysB_2	belongs_to_class	other_mechanism
dadB	confers_resistance_to	carbapenem
dadB	belongs_to_class	other_mechanism
dadX	confers_resistance_to	carbapenem
dadX	belongs_to_class	other_mechanism
ddl	confers_resistance_to	carbapenem
ddl	belongs_to_class	other_mechanism
ddlA	confers_resistance_to	carbapenem
ddlA	belongs_to_class	other_mechanism
ddlB	confers_resistance_to	carbapenem
ddlB	belongs_to_class	other_mechanism
ddl_1	confers_resistance_to	carbapenem
ddl_1	belongs_to_class	other_mechanism
ddl_2	confers_resistance_to	carbapenem
ddl_2	belongs_to_class	other_mechanism
dfrA	confers_resistance_to	carbapenem
dfrA	belongs_to_class	dihydrofolate_reductase
dfrA1	confers_resistance_to	carbapenem
dfrA1	belongs_to_class	dihydrofolate_reductase
dfrA12	confers_resistance_to	carbapenem
dfrA12	belongs_to_class	dihydrofolate_reductase
dfrA14	confers_resistance_to	carbapenem
dfrA14	belongs_to_class	dihydrofolate_reductase
dfrA17	confers_resistance_to	carbapenem
dfrA17	belongs_to_class	dihydrofolate_reductase
dfrA21	confers_resistance_to	carbapenem
dfrA21	belongs_to_class	dihydrofolate_reductase
dfrA_1	confers_resistance_to	carbapenem
dfrA_1	belongs_to_class	dihydrofolate_reductase
dfrA_2	confers_resistance_to	carbapenem
dfrA_2	belongs_to_class	dihydrofolate_reductase
dfrB3	confers_resistance_to	carbapenem
dfrB3	belongs_to_class	dihydrofolate_reductase
dhfrI	confers_resistance_to	carbapenem
dhfrI	belongs_to_class	other_mechanism
dhfrIII	confers_resistance_to	carbapenem
dhfrIII	belongs_to_class	other_mechanism
dhfrI_1	confers_resistance_to	carbapenem
dhfrI_1	belongs_to_class	other_mechanism
dhfrI_2	confers_resistance_to	carbapenem
dhfrI_2	belongs_to_class	other_mechanism
dxr	confers_resistance_to	carbapenem
dxr	belongs_to_class	other_mechanism
emrA	confers_resistance_to	carbapenem
emrA	belongs_to_class	other_mechanism
emrB	confers_resistance_to	carbapenem
emrB	belongs_to_class	other_mechanism
emrB_1	confers_resistance_to	carbapenem
emrB_1	belongs_to_class	other_mechanism
emrB_2	confers_resistance_to	carbapenem
emrB_2	belongs_to_class	other_mechanism
emrB_3	confers_resistance_to	carbapenem
emrB_3	belongs_to_class	other_mechanism
emrB_4	confers_resistance_to	carbapenem
emrB_4	belongs_to_class	other_mechanism
emrD	confers_resistance_to	carbapenem
emrD	belongs_to_class	other_mechanism
emrE	confers_resistance_to	carbapenem
emrE	belongs_to_class	other_mechanism
emrE_1	confers_resistance_to	carbapenem
emrE_1	belongs_to_class	other_mechanism
emrE_2	confers_resistance_to	carbapenem
emrE_2	belongs_to_class	other_mechanism
emrR	confers_resistance_to	carbapenem
emrR	belongs_to_class	other_mechanism
eptA	confers_resistance_to	carbapenem
eptA	belongs_to_class	other_mechanism
eptA_1	confers_resistance_to	carbapenem
eptA_1	belongs_to_class	other_mechanism
eptA_2	confers_resistance_to	carbapenem
eptA_2	belongs_to_class	other_mechanism
eptB	confers_resistance_to	carbapenem
eptB	belongs_to_class	other_mechanism
ere(A)	confers_resistance_to	carbapenem
ere(A)	belongs_to_class	other_mechanism
erm	confers_resistance_to	carbapenem
erm	belongs_to_class	macrolide_resistance
erm(B)	confers_resistance_to	carbapenem
erm(B)	belongs_to_class	macrolide_resistance
fabF	confers_resistance_to	carbapenem
fabF	belongs_to_class	other_mechanism
fabF_1	confers_resistance_to	carbapenem
fabF_1	belongs_to_class	other_mechanism
fabF_2	confers_resistance_to	carbapenem
fabF_2	belongs_to_class	other_mechanism
fabF_3	confers_resistance_to	carbapenem
fabF_3	belongs_to_class	other_mechanism
fabF_4	confers_resistance_to	carbapenem
fabF_4	belongs_to_class	other_mechanism
fabI	confers_resistance_to	carbapenem
fabI	belongs_to_class	other_mechanism
fabI_1	confers_resistance_to	carbapenem
fabI_1	belongs_to_class	other_mechanism
fabI_2	confers_resistance_to	carbapenem
fabI_2	belongs_to_class	other_mechanism
floR	confers_resistance_to	carbapenem
floR	belongs_to_class	other_mechanism
folA	confers_resistance_to	carbapenem
folA	belongs_to_class	other_mechanism
folA, Dfr	confers_resistance_to	carbapenem
folA, Dfr	belongs_to_class	other_mechanism
folP	confers_resistance_to	carbapenem
folP	belongs_to_class	other_mechanism
folP_1	confers_resistance_to	carbapenem
folP_1	belongs_to_class	other_mechanism
folP_2	confers_resistance_to	carbapenem
folP_2	belongs_to_class	other_mechanism
folP_3	confers_resistance_to	carbapenem
folP_3	belongs_to_class	other_mechanism
fosA	confers_resistance_to	carbapenem
fosA	belongs_to_class	other_mechanism
frp	confers_resistance_to	carbapenem
frp	belongs_to_class	other_mechanism
ftsI	confers_resistance_to	carbapenem
ftsI	belongs_to_class	other_mechanism
ftsI_1	confers_resistance_to	carbapenem
ftsI_1	belongs_to_class	other_mechanism
ftsI_2	confers_resistance_to	carbapenem
ftsI_2	belongs_to_class	other_mechanism
ftsI_3	confers_resistance_to	carbapenem
ftsI_3	belongs_to_class	other_mechanism
ftsI_4	confers_resistance_to	carbapenem
ftsI_4	belongs_to_class	other_mechanism
fusA	confers_resistance_to	carbapenem
fusA	belongs_to_class	other_mechanism
fusA_1	confers_resistance_to	carbapenem
fusA_1	belongs_to_class	other_mechanism
fusA_2	confers_resistance_to	carbapenem
fusA_2	belongs_to_class	other_mechanism
fusA_3	confers_resistance_to	carbapenem
fusA_3	belongs_to_class	other_mechanism
fyuA	confers_resistance_to	carbapenem
fyuA	belongs_to_class	other_mechanism
gidB	confers_resistance_to	carbapenem
gidB	belongs_to_class	other_mechanism
glpQ1	confers_resistance_to	carbapenem
glpQ1	belongs_to_class	other_mechanism
glpT	confers_resistance_to	carbapenem
glpT	belongs_to_class	other_mechanism
glpT_1	confers_resistance_to	carbapenem
glpT_1	belongs_to_class	other_mechanism
glpT_2	confers_resistance_to	carbapenem
glpT_2	belongs_to_class	other_mechanism
glpT_3	confers_resistance_to	carbapenem
glpT_3	belongs_to_class	other_mechanism
glpT_4	confers_resistance_to	carbapenem
glpT_4	belongs_to_class	other_mechanism
gyrA	confers_resistance_to	carbapenem
gyrA	belongs_to_class	dna_gyrase_mutation
gyrB	confers_resistance_to	carbapenem
gyrB	belongs_to_class	dna_gyrase_mutation
hns	confers_resistance_to	carbapenem
hns	belongs_to_class	other_mechanism
hns_1	confers_resistance_to	carbapenem
hns_1	belongs_to_class	other_mechanism
hns_2	confers_resistance_to	carbapenem
hns_2	belongs_to_class	other_mechanism
hns_3	confers_resistance_to	carbapenem
hns_3	belongs_to_class	other_mechanism
hph	confers_resistance_to	carbapenem
hph	belongs_to_class	other_mechanism
ileS	confers_resistance_to	carbapenem
ileS	belongs_to_class	other_mechanism
imp	confers_resistance_to	carbapenem
imp	belongs_to_class	carbapenemase
inhA, fabI	confers_resistance_to	carbapenem
inhA, fabI	belongs_to_class	other_mechanism
ispC	confers_resistance_to	carbapenem
ispC	belongs_to_class	other_mechanism
kasA	confers_resistance_to	carbapenem
kasA	belongs_to_class	other_mechanism
katG	confers_resistance_to	carbapenem
katG	belongs_to_class	other_mechanism
kdpE	confers_resistance_to	carbapenem
kdpE	belongs_to_class	other_mechanism
kpnF	confers_resistance_to	carbapenem
kpnF	belongs_to_class	other_mechanism
ksgA	confers_resistance_to	carbapenem
ksgA	belongs_to_class	other_mechanism
leuO	confers_resistance_to	carbapenem
leuO	belongs_to_class	other_mechanism
leuO_1	confers_resistance_to	carbapenem
leuO_1	belongs_to_class	other_mechanism
leuO_2	confers_resistance_to	carbapenem
leuO_2	belongs_to_class	other_mechanism
leuO_3	confers_resistance_to	carbapenem
leuO_3	belongs_to_class	other_mechanism
lptD	confers_resistance_to	carbapenem
lptD	belongs_to_class	other_mechanism
macA	confers_resistance_to	carbapenem
macA	belongs_to_class	other_mechanism
macA_1	confers_resistance_to	carbapenem
macA_1	belongs_to_class	other_mechanism
macA_2	confers_resistance_to	carbapenem
macA_2	belongs_to_class	other_mechanism
macA_3	confers_resistance_to	carbapenem
macA_3	belongs_to_class	other_mechanism
macB	confers_resistance_to	carbapenem
macB	belongs_to_class	other_mechanism
marA	confers_resistance_to	carbapenem
marA	belongs_to_class	other_mechanism
marA_1	confers_resistance_to	carbapenem
marA_1	belongs_to_class	other_mechanism
marA_2	confers_resistance_to	carbapenem
marA_2	belongs_to_class	other_mechanism
marA_3	confers_resistance_to	carbapenem
marA_3	belongs_to_class	other_mechanism
marA_4	confers_resistance_to	carbapenem
marA_4	belongs_to_class	other_mechanism
marB	confers_resistance_to	carbapenem
marB	belongs_to_class	other_mechanism
marR	confers_resistance_to	carbapenem
marR	belongs_to_class	other_mechanism
marR_1	confers_resistance_to	carbapenem
marR_1	belongs_to_class	other_mechanism
marR_2	confers_resistance_to	carbapenem
marR_2	belongs_to_class	other_mechanism
mcrB	confers_resistance_to	carbapenem
mcrB	belongs_to_class	colistin_resistance
mdfA	confers_resistance_to	carbapenem
mdfA	belongs_to_class	other_mechanism
mdtA	confers_resistance_to	carbapenem
mdtA	belongs_to_class	other_mechanism
mdtA_1	confers_resistance_to	carbapenem
mdtA_1	belongs_to_class	other_mechanism
mdtB	confers_resistance_to	carbapenem
mdtB	belongs_to_class	other_mechanism
mdtC	confers_resistance_to	carbapenem
mdtC	belongs_to_class	other_mechanism
mdtC_1	confers_resistance_to	carbapenem
mdtC_1	belongs_to_class	other_mechanism
mdtC_2	confers_resistance_to	carbapenem
mdtC_2	belongs_to_class	other_mechanism
mdtD	confers_resistance_to	carbapenem
mdtD	belongs_to_class	other_mechanism
mdtD_1	confers_resistance_to	carbapenem
mdtD_1	belongs_to_class	other_mechanism
mdtE_4	confers_resistance_to	carbapenem
mdtE_4	belongs_to_class	other_mechanism
mdtG	confers_resistance_to	carbapenem
mdtG	belongs_to_class	other_mechanism
mdtH	confers_resistance_to	carbapenem
mdtH	belongs_to_class	other_mechanism
mdtH_1	confers_resistance_to	carbapenem
mdtH_1	belongs_to_class	other_mechanism
mdtI	confers_resistance_to	carbapenem
mdtI	belongs_to_class	other_mechanism
mdtJ	confers_resistance_to	carbapenem
mdtJ	belongs_to_class	other_mechanism
mdtK	confers_resistance_to	carbapenem
mdtK	belongs_to_class	other_mechanism
mdtK_1	confers_resistance_to	carbapenem
mdtK_1	belongs_to_class	other_mechanism
mdtK_2	confers_resistance_to	carbapenem
mdtK_2	belongs_to_class	other_mechanism
mdtL	confers_resistance_to	carbapenem
mdtL	belongs_to_class	other_mechanism
mdtM	confers_resistance_to	carbapenem
mdtM	belongs_to_class	other_mechanism
mdtM_1	confers_resistance_to	carbapenem
mdtM_1	belongs_to_class	other_mechanism
mdtM_2	confers_resistance_to	carbapenem
mdtM_2	belongs_to_class	other_mechanism
mdtN_1	confers_resistance_to	carbapenem
mdtN_1	belongs_to_class	other_mechanism
mdtP_1	confers_resistance_to	carbapenem
mdtP_1	belongs_to_class	other_mechanism
mdtP_2	confers_resistance_to	carbapenem
mdtP_2	belongs_to_class	other_mechanism
mdtQ	confers_resistance_to	carbapenem
mdtQ	belongs_to_class	other_mechanism
mefB	confers_resistance_to	carbapenem
mefB	belongs_to_class	other_mechanism
mexB_1	confers_resistance_to	carbapenem
mexB_1	belongs_to_class	efflux_pump
mfd	confers_resistance_to	carbapenem
mfd	belongs_to_class	other_mechanism
mgrB	confers_resistance_to	carbapenem
mgrB	belongs_to_class	other_mechanism
mph(A)	confers_resistance_to	carbapenem
mph(A)	belongs_to_class	macrolide_resistance
mph(E)	confers_resistance_to	carbapenem
mph(E)	belongs_to_class	macrolide_resistance
mphA	confers_resistance_to	carbapenem
mphA	belongs_to_class	macrolide_resistance
mprA	confers_resistance_to	carbapenem
mprA	belongs_to_class	other_mechanism
msbA	confers_resistance_to	carbapenem
msbA	belongs_to_class	other_mechanism
msbA_1	confers_resistance_to	carbapenem
msbA_1	belongs_to_class	other_mechanism
msbA_2	confers_resistance_to	carbapenem
msbA_2	belongs_to_class	other_mechanism
msr	confers_resistance_to	carbapenem
msr	belongs_to_class	macrolide_efflux
msrE	confers_resistance_to	carbapenem
msrE	belongs_to_class	macrolide_efflux
murA	confers_resistance_to	carbapenem
murA	belongs_to_class	other_mechanism
neo	confers_resistance_to	carbapenem
neo	belongs_to_class	other_mechanism
nfsA	confers_resistance_to	carbapenem
nfsA	belongs_to_class	other_mechanism
nfsA_1	confers_resistance_to	carbapenem
nfsA_1	belongs_to_class	other_mechanism
nfsA_2	confers_resistance_to	carbapenem
nfsA_2	belongs_to_class	other_mechanism
norM	confers_resistance_to	carbapenem
norM	belongs_to_class	other_mechanism
nusE	confers_resistance_to	carbapenem
nusE	belongs_to_class	other_mechanism
omp36	confers_resistance_to	carbapenem
omp36	belongs_to_class	other_mechanism
ompA	confers_resistance_to	carbapenem
ompA	belongs_to_class	other_mechanism
ompC	confers_resistance_to	carbapenem
ompC	belongs_to_class	other_mechanism
ompC_1	confers_resistance_to	carbapenem
ompC_1	belongs_to_class	other_mechanism
ompC_2	confers_resistance_to	carbapenem
ompC_2	belongs_to_class	other_mechanism
ompF	confers_resistance_to	carbapenem
ompF	belongs_to_class	other_mechanism
ompF_1	confers_resistance_to	carbapenem
ompF_1	belongs_to_class	other_mechanism
ompK37	confers_resistance_to	carbapenem
ompK37	belongs_to_class	other_mechanism
ompN	confers_resistance_to	carbapenem
ompN	belongs_to_class	other_mechanism
ompN_1	confers_resistance_to	carbapenem
ompN_1	belongs_to_class	other_mechanism
ompN_2	confers_resistance_to	carbapenem
ompN_2	belongs_to_class	other_mechanism
ompN_3	confers_resistance_to	carbapenem
ompN_3	belongs_to_class	other_mechanism
ompN_4	confers_resistance_to	carbapenem
ompN_4	belongs_to_class	other_mechanism
ompS2	confers_resistance_to	carbapenem
ompS2	belongs_to_class	other_mechanism
oprB	confers_resistance_to	carbapenem
oprB	belongs_to_class	other_mechanism
oprD	confers_resistance_to	carbapenem
oprD	belongs_to_class	other_mechanism
oprD_1	confers_resistance_to	carbapenem
oprD_1	belongs_to_class	other_mechanism
oprD_2	confers_resistance_to	carbapenem
oprD_2	belongs_to_class	other_mechanism
oqxA	confers_resistance_to	carbapenem
oqxA	belongs_to_class	efflux_pump
oqxB	confers_resistance_to	carbapenem
oqxB	belongs_to_class	efflux_pump
oxyR	confers_resistance_to	carbapenem
oxyR	belongs_to_class	other_mechanism
oxyR_2	confers_resistance_to	carbapenem
oxyR_2	belongs_to_class	other_mechanism
oxyR_3	confers_resistance_to	carbapenem
oxyR_3	belongs_to_class	other_mechanism
oxyR_4	confers_resistance_to	carbapenem
oxyR_4	belongs_to_class	other_mechanism
oxyR_5	confers_resistance_to	carbapenem
oxyR_5	belongs_to_class	other_mechanism
parC	confers_resistance_to	carbapenem
parC	belongs_to_class	topoisomerase_mutation
parE	confers_resistance_to	carbapenem
parE	belongs_to_class	topoisomerase_mutation
patA	confers_resistance_to	carbapenem
patA	belongs_to_class	other_mechanism
pgsA	confers_resistance_to	carbapenem
pgsA	belongs_to_class	other_mechanism
phoP	confers_resistance_to	carbapenem
phoP	belongs_to_class	other_mechanism
phoP_1	confers_resistance_to	carbapenem
phoP_1	belongs_to_class	other_mechanism
phoP_2	confers_resistance_to	carbapenem
phoP_2	belongs_to_class	other_mechanism
phoP_3	confers_resistance_to	carbapenem
phoP_3	belongs_to_class	other_mechanism
phoP_4	confers_resistance_to	carbapenem
phoP_4	belongs_to_class	other_mechanism
pipB2	confers_resistance_to	carbapenem
pipB2	belongs_to_class	other_mechanism
pmrB	confers_resistance_to	carbapenem
pmrB	belongs_to_class	other_mechanism
pmrD	confers_resistance_to	carbapenem
pmrD	belongs_to_class	other_mechanism
proP_3	confers_resistance_to	carbapenem
proP_3	belongs_to_class	other_mechanism
qacE	confers_resistance_to	carbapenem
qacE	belongs_to_class	other_mechanism
qacH	confers_resistance_to	carbapenem
qacH	belongs_to_class	other_mechanism
ramA	confers_resistance_to	carbapenem
ramA	belongs_to_class	other_mechanism
ramA_1	confers_resistance_to	carbapenem
ramA_1	belongs_to_class	other_mechanism
ramA_2	confers_resistance_to	carbapenem
ramA_2	belongs_to_class	other_mechanism
ramR	confers_resistance_to	carbapenem
ramR	belongs_to_class	other_mechanism
rho	confers_resistance_to	carbapenem
rho	belongs_to_class	other_mechanism
rmt	confers_resistance_to	carbapenem
rmt	belongs_to_class	other_mechanism
rmtB	confers_resistance_to	carbapenem
rmtB	belongs_to_class	other_mechanism
rmtF	confers_resistance_to	carbapenem
rmtF	belongs_to_class	other_mechanism
rob	confers_resistance_to	carbapenem
rob	belongs_to_class	other_mechanism
robA	confers_resistance_to	carbapenem
robA	belongs_to_class	other_mechanism
rob_2	confers_resistance_to	carbapenem
rob_2	belongs_to_class	other_mechanism
rob_3	confers_resistance_to	carbapenem
rob_3	belongs_to_class	other_mechanism
rob_4	confers_resistance_to	carbapenem
rob_4	belongs_to_class	other_mechanism
rosA	confers_resistance_to	carbapenem
rosA	belongs_to_class	other_mechanism
rplF	confers_resistance_to	carbapenem
rplF	belongs_to_class	other_mechanism
rpoB	confers_resistance_to	carbapenem
rpoB	belongs_to_class	other_mechanism
rpoC	confers_resistance_to	carbapenem
rpoC	belongs_to_class	other_mechanism
rpsJ	confers_resistance_to	carbapenem
rpsJ	belongs_to_class	other_mechanism
rpsL	confers_resistance_to	carbapenem
rpsL	belongs_to_class	other_mechanism
rseD	confers_resistance_to	carbapenem
rseD	belongs_to_class	other_mechanism
rsmG	confers_resistance_to	carbapenem
rsmG	belongs_to_class	other_mechanism
sat-1	confers_resistance_to	carbapenem
sat-1	belongs_to_class	other_mechanism
sat2	confers_resistance_to	carbapenem
sat2	belongs_to_class	other_mechanism
smeA	confers_resistance_to	carbapenem
smeA	belongs_to_class	other_mechanism
soxR	confers_resistance_to	carbapenem
soxR	belongs_to_class	other_mechanism
soxS	confers_resistance_to	carbapenem
soxS	belongs_to_class	other_mechanism
soxS_1	confers_resistance_to	carbapenem
soxS_1	belongs_to_class	other_mechanism
soxS_2	confers_resistance_to	carbapenem
soxS_2	belongs_to_class	other_mechanism
soxS_3	confers_resistance_to	carbapenem
soxS_3	belongs_to_class	other_mechanism
soxS_4	confers_resistance_to	carbapenem
soxS_4	belongs_to_class	other_mechanism
soxS_5	confers_resistance_to	carbapenem
soxS_5	belongs_to_class	other_mechanism
soxS_6	confers_resistance_to	carbapenem
soxS_6	belongs_to_class	other_mechanism
soxS_7	confers_resistance_to	carbapenem
soxS_7	belongs_to_class	other_mechanism
soxS_8	confers_resistance_to	carbapenem
soxS_8	belongs_to_class	other_mechanism
str	confers_resistance_to	carbapenem
str	belongs_to_class	other_mechanism
sugE	confers_resistance_to	carbapenem
sugE	belongs_to_class	other_mechanism
sugE_1	confers_resistance_to	carbapenem
sugE_1	belongs_to_class	other_mechanism
sul1	confers_resistance_to	carbapenem
sul1	belongs_to_class	sulfonamide_resistance
sul2	confers_resistance_to	carbapenem
sul2	belongs_to_class	sulfonamide_resistance
sul3	confers_resistance_to	carbapenem
sul3	belongs_to_class	sulfonamide_resistance
tet(A)	confers_resistance_to	carbapenem
tet(A)	belongs_to_class	efflux_pump
tet(D)	confers_resistance_to	carbapenem
tet(D)	belongs_to_class	efflux_pump
tetA	confers_resistance_to	carbapenem
tetA	belongs_to_class	efflux_pump
tetA_2	confers_resistance_to	carbapenem
tetA_2	belongs_to_class	efflux_pump
tetC	confers_resistance_to	carbapenem
tetC	belongs_to_class	efflux_pump
tetD_2	confers_resistance_to	carbapenem
tetD_2	belongs_to_class	efflux_pump
tetG	confers_resistance_to	carbapenem
tetG	belongs_to_class	efflux_pump
tetR	confers_resistance_to	carbapenem
tetR	belongs_to_class	efflux_pump
tolC	confers_resistance_to	carbapenem
tolC	belongs_to_class	efflux_pump
tuf	confers_resistance_to	carbapenem
tuf	belongs_to_class	other_mechanism
tuf1	confers_resistance_to	carbapenem
tuf1	belongs_to_class	other_mechanism
tuf1_1	confers_resistance_to	carbapenem
tuf1_1	belongs_to_class	other_mechanism
tuf1_2	confers_resistance_to	carbapenem
tuf1_2	belongs_to_class	other_mechanism
tuf1_3	confers_resistance_to	carbapenem
tuf1_3	belongs_to_class	other_mechanism
tufA	confers_resistance_to	carbapenem
tufA	belongs_to_class	other_mechanism
tuf_1	confers_resistance_to	carbapenem
tuf_1	belongs_to_class	other_mechanism
tuf_2	confers_resistance_to	carbapenem
tuf_2	belongs_to_class	other_mechanism
ugpQ	confers_resistance_to	carbapenem
ugpQ	belongs_to_class	other_mechanism
ugpQ_1	confers_resistance_to	carbapenem
ugpQ_1	belongs_to_class	other_mechanism
ugpQ_2	confers_resistance_to	carbapenem
ugpQ_2	belongs_to_class	other_mechanism
ugpQ_3	confers_resistance_to	carbapenem
ugpQ_3	belongs_to_class	other_mechanism
uhpT	confers_resistance_to	carbapenem
uhpT	belongs_to_class	other_mechanism
uhpT_1	confers_resistance_to	carbapenem
uhpT_1	belongs_to_class	other_mechanism
uhpT_2	confers_resistance_to	carbapenem
uhpT_2	belongs_to_class	other_mechanism
uppP	confers_resistance_to	carbapenem
uppP	belongs_to_class	other_mechanism
vagC	confers_resistance_to	carbapenem
vagC	belongs_to_class	other_mechanism
vagC_1	confers_resistance_to	carbapenem
vagC_1	belongs_to_class	other_mechanism
vagC_2	confers_resistance_to	carbapenem
vagC_2	belongs_to_class	other_mechanism
vagC_3	confers_resistance_to	carbapenem
vagC_3	belongs_to_class	other_mechanism
vgaC	confers_resistance_to	carbapenem
vgaC	belongs_to_class	other_mechanism
ybhT	confers_resistance_to	carbapenem
ybhT	belongs_to_class	other_mechanism
ybjG	confers_resistance_to	carbapenem
ybjG	belongs_to_class	other_mechanism
ybjG_1	confers_resistance_to	carbapenem
ybjG_1	belongs_to_class	other_mechanism
ybjG_2	confers_resistance_to	carbapenem
ybjG_2	belongs_to_class	other_mechanism
yceL	confers_resistance_to	carbapenem
yceL	belongs_to_class	other_mechanism
ydgE	confers_resistance_to	carbapenem
ydgE	belongs_to_class	other_mechanism
ydgF	confers_resistance_to	carbapenem
ydgF	belongs_to_class	other_mechanism
yeeO	confers_resistance_to	carbapenem
yeeO	belongs_to_class	other_mechanism
yegB	confers_resistance_to	carbapenem
yegB	belongs_to_class	other_mechanism
yegM	confers_resistance_to	carbapenem
yegM	belongs_to_class	other_mechanism
yegN	confers_resistance_to	carbapenem
yegN	belongs_to_class	other_mechanism
yegO	confers_resistance_to	carbapenem
yegO	belongs_to_class	other_mechanism
yfbE	confers_resistance_to	carbapenem
yfbE	belongs_to_class	other_mechanism
yfbF	confers_resistance_to	carbapenem
yfbF	belongs_to_class	other_mechanism
yfbG	confers_resistance_to	carbapenem
yfbG	belongs_to_class	other_mechanism
yfbH	confers_resistance_to	carbapenem
yfbH	belongs_to_class	other_mechanism
yfbJ	confers_resistance_to	carbapenem
yfbJ	belongs_to_class	other_mechanism
yfbW	confers_resistance_to	carbapenem
yfbW	belongs_to_class	other_mechanism
ygjG	confers_resistance_to	carbapenem
ygjG	belongs_to_class	other_mechanism
yheS	confers_resistance_to	carbapenem
yheS	belongs_to_class	other_mechanism
yiaV_1	confers_resistance_to	carbapenem
yiaV_1	belongs_to_class	other_mechanism
yiaV_2	confers_resistance_to	carbapenem
yiaV_2	belongs_to_class	other_mechanism
yiaV_3	confers_resistance_to	carbapenem
yiaV_3	belongs_to_class	other_mechanism
yibH_1	confers_resistance_to	carbapenem
yibH_1	belongs_to_class	other_mechanism
yibH_2	confers_resistance_to	carbapenem
yibH_2	belongs_to_class	other_mechanism
yibH_3	confers_resistance_to	carbapenem
yibH_3	belongs_to_class	other_mechanism
yibH_4	confers_resistance_to	carbapenem
yibH_4	belongs_to_class	other_mechanism
yibH_5	confers_resistance_to	carbapenem
yibH_5	belongs_to_class	other_mechanism
yibH_6	confers_resistance_to	carbapenem
yibH_6	belongs_to_class	other_mechanism
yibH_7	confers_resistance_to	carbapenem
yibH_7	belongs_to_class	other_mechanism
yidY	confers_resistance_to	carbapenem
yidY	belongs_to_class	other_mechanism
yjiO	confers_resistance_to	carbapenem
yjiO	belongs_to_class	other_mechanism
ymfD	confers_resistance_to	carbapenem
ymfD	belongs_to_class	other_mechanism
ymfD_1	confers_resistance_to	carbapenem
ymfD_1	belongs_to_class	other_mechanism
yohG	confers_resistance_to	carbapenem
yohG	belongs_to_class	other_mechanism
yojI	confers_resistance_to	carbapenem
yojI	belongs_to_class	other_mechanism
yokD	confers_resistance_to	carbapenem
yokD	belongs_to_class	other_mechanism
yokD_1	confers_resistance_to	carbapenem
yokD_1	belongs_to_class	other_mechanism
yokD_2	confers_resistance_to	carbapenem
yokD_2	belongs_to_class	other_mechanism
yusO	confers_resistance_to	carbapenem
yusO	belongs_to_class	other_mechanism
yusO_1	confers_resistance_to	carbapenem
yusO_1	belongs_to_class	other_mechanism
yusO_2	confers_resistance_to	carbapenem
yusO_2	belongs_to_class	other_mechanism
yycF	confers_resistance_to	carbapenem
yycF	belongs_to_class	other_mechanism
yycF_2	confers_resistance_to	carbapenem
yycF_2	belongs_to_class	other_mechanism
efflux_pump	involves_drug	carbapenem
macrolide_resistance	involves_drug	carbapenem
topoisomerase_mutation	involves_drug	carbapenem
chloramphenicol_efflux	involves_drug	carbapenem
carbapenemase	involves_drug	carbapenem
dihydrofolate_reductase	involves_drug	carbapenem
beta_lactamase	involves_drug	carbapenem
macrolide_efflux	involves_drug	carbapenem
quinolone_protection	involves_drug	carbapenem
dna_gyrase_mutation	involves_drug	carbapenem
chloramphenicol_acetyltransferase	involves_drug	carbapenem
aminoglycoside_modifying_enzyme	involves_drug	carbapenem
colistin_resistance	involves_drug	carbapenem
other_mechanism	involves_drug	carbapenem
sulfonamide_resistance	involves_drug	carbapenem
