feature_idx,kmer,importance
63117,GGAACTGCCAGGCATCAAATA,3.9916417541503906
95591,CGAATCACTGGAATTCAGGTT,3.6787417907714843
25140,TGAAGACAGCGACCTCCGTCT,3.501512908935547
14562,TTAAACAGATGACGATCAGGG,3.4821114501953123
37780,TAAAGCCATCGCGCCGGAGTC,3.4400674438476564
97820,CGGTTTTTTTCTTTATCTCTG,3.4255939025878908
41403,GCTCAAAATTCGCGGCCTGCA,3.4162289123535157
25376,GTGTATTTGTACTGTTGCAGT,3.414193756103516
23213,TGTTTTCATCACCAACGCCGG,3.409338806152344
41324,GGTCAGGAGCGCCAGGAGGCG,3.409068359375
4231,CAGGATGACGCCGGACAGCAC,3.3843537902832033
7722,GGAAGTCCGCCTGCTGGTTCA,3.382710174560547
30109,TGGTTACCGTTTCAGGCGTCA,3.3257317810058593
55147,TGCACCAGCTGTCCGTATATC,3.301323425292969
53092,TAAAATCTGCAAATGTGGGAA,3.2909264221191408
49339,GGAAAGGAACTGGATGATATC,3.282046905517578
53493,GGAGGTTTTTGTTTGCTTTCT,3.280271942138672
52429,GAGCAGGTGAGGTGTATTGTG,3.2754165954589842
49205,CAACAGCTCGGTGCCATAGAG,3.275270538330078
48177,TACATTCTGTACATCATGTAC,3.2747197265625
49796,GCCCGGAGCTCTTCTGACGCC,3.2642682189941405
24680,TTTGCCAACGGCACTTTCTTG,3.2465177307128905
3816,AAAGCCGAAACGACTGTACAG,3.2460186462402345
10290,CGGGGGCGCAAACTGACCGCA,3.2370617065429688
5977,TTTACCCGTGATTTTGTGAAT,3.2033996887207032
