AAC(3)-I	confers_resistance_to	ampicillin
AAC(3)-I	belongs_to_class	aminoglycoside_modifying_enzyme
AAC(3)-II,III,IV,VI,VIII,IX,X	confers_resistance_to	ampicillin
AAC(3)-II,III,IV,VI,VIII,IX,X	belongs_to_class	aminoglycoside_modifying_enzyme
AAC(3)-IIa	confers_resistance_to	ampicillin
AAC(3)-IIa	belongs_to_class	aminoglycoside_modifying_enzyme
AAC(3)-IIb	confers_resistance_to	ampicillin
AAC(3)-IIb	belongs_to_class	aminoglycoside_modifying_enzyme
AAC(3)-IIc	confers_resistance_to	ampicillin
AAC(3)-IIc	belongs_to_class	aminoglycoside_modifying_enzyme
AAC(3)-IV	confers_resistance_to	ampicillin
AAC(3)-IV	belongs_to_class	aminoglycoside_modifying_enzyme
AAC(3)-Ib	confers_resistance_to	ampicillin
AAC(3)-Ib	belongs_to_class	aminoglycoside_modifying_enzyme
AAC(3)-VIa	confers_resistance_to	ampicillin
AAC(3)-VIa	belongs_to_class	aminoglycoside_modifying_enzyme
AAC(6')-Ib	confers_resistance_to	ampicillin
AAC(6')-Ib	belongs_to_class	aminoglycoside_modifying_enzyme
AAC(6')-Ib-cr	confers_resistance_to	ampicillin
AAC(6')-Ib-cr	belongs_to_class	aminoglycoside_modifying_enzyme
AAC(6')-Ib/AAC(6')-II	confers_resistance_to	ampicillin
AAC(6')-Ib/AAC(6')-II	belongs_to_class	aminoglycoside_modifying_enzyme
AAC(6')-Ib10	confers_resistance_to	ampicillin
AAC(6')-Ib10	belongs_to_class	aminoglycoside_modifying_enzyme
AAC(6')-Ib7	confers_resistance_to	ampicillin
AAC(6')-Ib7	belongs_to_class	aminoglycoside_modifying_enzyme
ANT(2'')-Ia	confers_resistance_to	ampicillin
ANT(2'')-Ia	belongs_to_class	aminoglycoside_modifying_enzyme
APH(3'')-I	confers_resistance_to	ampicillin
APH(3'')-I	belongs_to_class	aminoglycoside_modifying_enzyme
APH(3'')-Ib	confers_resistance_to	ampicillin
APH(3'')-Ib	belongs_to_class	aminoglycoside_modifying_enzyme
APH(3')-I	confers_resistance_to	ampicillin
APH(3')-I	belongs_to_class	aminoglycoside_modifying_enzyme
APH(3')-II/APH(3')-XV	confers_resistance_to	ampicillin
APH(3')-II/APH(3')-XV	belongs_to_class	aminoglycoside_modifying_enzyme
APH(3')-III/APH(3')-IV/APH(3')-VI/APH(3')-VII	confers_resistance_to	ampicillin
APH(3')-III/APH(3')-IV/APH(3')-VI/APH(3')-VII	belongs_to_class	aminoglycoside_modifying_enzyme
APH(3')-IIa	confers_resistance_to	ampicillin
APH(3')-IIa	belongs_to_class	aminoglycoside_modifying_enzyme
APH(3')-Ia	confers_resistance_to	ampicillin
APH(3')-Ia	belongs_to_class	aminoglycoside_modifying_enzyme
APH(3')-VI	confers_resistance_to	ampicillin
APH(3')-VI	belongs_to_class	aminoglycoside_modifying_enzyme
APH(4)-I	confers_resistance_to	ampicillin
APH(4)-I	belongs_to_class	aminoglycoside_modifying_enzyme
APH(4)-Ia	confers_resistance_to	ampicillin
APH(4)-Ia	belongs_to_class	aminoglycoside_modifying_enzyme
APH(6)-Ic	confers_resistance_to	ampicillin
APH(6)-Ic	belongs_to_class	aminoglycoside_modifying_enzyme
APH(6)-Ic/APH(6)-Id	confers_resistance_to	ampicillin
APH(6)-Ic/APH(6)-Id	belongs_to_class	aminoglycoside_modifying_enzyme
APH(6)-Id	confers_resistance_to	ampicillin
APH(6)-Id	belongs_to_class	aminoglycoside_modifying_enzyme
AcrAB-TolC	confers_resistance_to	ampicillin
AcrAB-TolC	belongs_to_class	efflux_pump
AcrAD-TolC	confers_resistance_to	ampicillin
AcrAD-TolC	belongs_to_class	efflux_pump
AcrEF-TolC	confers_resistance_to	ampicillin
AcrEF-TolC	belongs_to_class	other_mechanism
AcrZ	confers_resistance_to	ampicillin
AcrZ	belongs_to_class	other_mechanism
Alr	confers_resistance_to	ampicillin
Alr	belongs_to_class	other_mechanism
BcrC	confers_resistance_to	ampicillin
BcrC	belongs_to_class	other_mechanism
BlaEC family	confers_resistance_to	ampicillin
BlaEC family	belongs_to_class	beta_lactamase
CARB-1	confers_resistance_to	ampicillin
CARB-1	belongs_to_class	other_mechanism
CARB/PSE family	confers_resistance_to	ampicillin
CARB/PSE family	belongs_to_class	other_mechanism
CMY-2	confers_resistance_to	ampicillin
CMY-2	belongs_to_class	beta_lactamase
CMY-22	confers_resistance_to	ampicillin
CMY-22	belongs_to_class	beta_lactamase
CMY-4	confers_resistance_to	ampicillin
CMY-4	belongs_to_class	beta_lactamase
CMY-42	confers_resistance_to	ampicillin
CMY-42	belongs_to_class	beta_lactamase
CMY-6	confers_resistance_to	ampicillin
CMY-6	belongs_to_class	beta_lactamase
CMY-61	confers_resistance_to	ampicillin
CMY-61	belongs_to_class	beta_lactamase
CMY-82	confers_resistance_to	ampicillin
CMY-82	belongs_to_class	beta_lactamase
CMY/CMY-2/CFE/LAT family	confers_resistance_to	ampicillin
CMY/CMY-2/CFE/LAT family	belongs_to_class	beta_lactamase
CRP	confers_resistance_to	ampicillin
CRP	belongs_to_class	other_mechanism
CTX-M family	confers_resistance_to	ampicillin
CTX-M family	belongs_to_class	beta_lactamase
CTX-M-1	confers_resistance_to	ampicillin
CTX-M-1	belongs_to_class	beta_lactamase
CTX-M-11	confers_resistance_to	ampicillin
CTX-M-11	belongs_to_class	beta_lactamase
CTX-M-14	confers_resistance_to	ampicillin
CTX-M-14	belongs_to_class	beta_lactamase
CTX-M-15	confers_resistance_to	ampicillin
CTX-M-15	belongs_to_class	beta_lactamase
CTX-M-27	confers_resistance_to	ampicillin
CTX-M-27	belongs_to_class	beta_lactamase
CTX-M-3	confers_resistance_to	ampicillin
CTX-M-3	belongs_to_class	beta_lactamase
CTX-M-55	confers_resistance_to	ampicillin
CTX-M-55	belongs_to_class	beta_lactamase
CTX-M-65	confers_resistance_to	ampicillin
CTX-M-65	belongs_to_class	beta_lactamase
CTX-M-8	confers_resistance_to	ampicillin
CTX-M-8	belongs_to_class	beta_lactamase
CTX-M-9	confers_resistance_to	ampicillin
CTX-M-9	belongs_to_class	beta_lactamase
CatA1/CatA4 family	confers_resistance_to	ampicillin
CatA1/CatA4 family	belongs_to_class	chloramphenicol_acetyltransferase
CatA2 family	confers_resistance_to	ampicillin
CatA2 family	belongs_to_class	chloramphenicol_acetyltransferase
CatB family	confers_resistance_to	ampicillin
CatB family	belongs_to_class	chloramphenicol_acetyltransferase
CmlA family	confers_resistance_to	ampicillin
CmlA family	belongs_to_class	chloramphenicol_efflux
DHA-1	confers_resistance_to	ampicillin
DHA-1	belongs_to_class	beta_lactamase
DHA/MOR family	confers_resistance_to	ampicillin
DHA/MOR family	belongs_to_class	beta_lactamase
Ddl	confers_resistance_to	ampicillin
Ddl	belongs_to_class	other_mechanism
EF-G	confers_resistance_to	ampicillin
EF-G	belongs_to_class	other_mechanism
EF-Tu	confers_resistance_to	ampicillin
EF-Tu	belongs_to_class	other_mechanism
EmrAB-TolC	confers_resistance_to	ampicillin
EmrAB-TolC	belongs_to_class	other_mechanism
EmrD	confers_resistance_to	ampicillin
EmrD	belongs_to_class	other_mechanism
EmrE	confers_resistance_to	ampicillin
EmrE	belongs_to_class	other_mechanism
EmrKY-TolC	confers_resistance_to	ampicillin
EmrKY-TolC	belongs_to_class	other_mechanism
Erm(B)	confers_resistance_to	ampicillin
Erm(B)	belongs_to_class	macrolide_resistance
ErmB	confers_resistance_to	ampicillin
ErmB	belongs_to_class	macrolide_resistance
FloR family	confers_resistance_to	ampicillin
FloR family	belongs_to_class	other_mechanism
GadE	confers_resistance_to	ampicillin
GadE	belongs_to_class	other_mechanism
GdpD	confers_resistance_to	ampicillin
GdpD	belongs_to_class	other_mechanism
GlpT	confers_resistance_to	ampicillin
GlpT	belongs_to_class	other_mechanism
H-NS	confers_resistance_to	ampicillin
H-NS	belongs_to_class	other_mechanism
Iso-tRNA	confers_resistance_to	ampicillin
Iso-tRNA	belongs_to_class	other_mechanism
KPC family	confers_resistance_to	ampicillin
KPC family	belongs_to_class	carbapenemase
KPC-2	confers_resistance_to	ampicillin
KPC-2	belongs_to_class	carbapenemase
KPC-3	confers_resistance_to	ampicillin
KPC-3	belongs_to_class	carbapenemase
KPC-4	confers_resistance_to	ampicillin
KPC-4	belongs_to_class	carbapenemase
KatG	confers_resistance_to	ampicillin
KatG	belongs_to_class	other_mechanism
Lnu(F)/Lnu(G)	confers_resistance_to	ampicillin
Lnu(F)/Lnu(G)	belongs_to_class	other_mechanism
MCR-1	confers_resistance_to	ampicillin
MCR-1	belongs_to_class	colistin_resistance
MacA	confers_resistance_to	ampicillin
MacA	belongs_to_class	other_mechanism
MacB	confers_resistance_to	ampicillin
MacB	belongs_to_class	other_mechanism
MarA	confers_resistance_to	ampicillin
MarA	belongs_to_class	other_mechanism
MarB	confers_resistance_to	ampicillin
MarB	belongs_to_class	other_mechanism
MarR	confers_resistance_to	ampicillin
MarR	belongs_to_class	other_mechanism
MdfA/Cmr	confers_resistance_to	ampicillin
MdfA/Cmr	belongs_to_class	other_mechanism
MdtABC-TolC	confers_resistance_to	ampicillin
MdtABC-TolC	belongs_to_class	other_mechanism
MdtEF-TolC	confers_resistance_to	ampicillin
MdtEF-TolC	belongs_to_class	other_mechanism
MdtL	confers_resistance_to	ampicillin
MdtL	belongs_to_class	other_mechanism
MdtM	confers_resistance_to	ampicillin
MdtM	belongs_to_class	other_mechanism
Mef(B)	confers_resistance_to	ampicillin
Mef(B)	belongs_to_class	other_mechanism
MexAB-OprM	confers_resistance_to	ampicillin
MexAB-OprM	belongs_to_class	efflux_pump
Mph(A) family	confers_resistance_to	ampicillin
Mph(A) family	belongs_to_class	macrolide_resistance
Mph(B) family	confers_resistance_to	ampicillin
Mph(B) family	belongs_to_class	macrolide_resistance
Mrx	confers_resistance_to	ampicillin
Mrx	belongs_to_class	other_mechanism
MurA	confers_resistance_to	ampicillin
MurA	belongs_to_class	other_mechanism
NDM family	confers_resistance_to	ampicillin
NDM family	belongs_to_class	carbapenemase
NDM-1	confers_resistance_to	ampicillin
NDM-1	belongs_to_class	carbapenemase
NDM-5	confers_resistance_to	ampicillin
NDM-5	belongs_to_class	carbapenemase
NDM-7	confers_resistance_to	ampicillin
NDM-7	belongs_to_class	carbapenemase
OXA-1	confers_resistance_to	ampicillin
OXA-1	belongs_to_class	beta_lactamase
OXA-1 family	confers_resistance_to	ampicillin
OXA-1 family	belongs_to_class	beta_lactamase
OXA-9	confers_resistance_to	ampicillin
OXA-9	belongs_to_class	beta_lactamase
OmpK36	confers_resistance_to	ampicillin
OmpK36	belongs_to_class	other_mechanism
OprB	confers_resistance_to	ampicillin
OprB	belongs_to_class	other_mechanism
OxyR	confers_resistance_to	ampicillin
OxyR	belongs_to_class	other_mechanism
PgsA	confers_resistance_to	ampicillin
PgsA	belongs_to_class	other_mechanism
PhoP	confers_resistance_to	ampicillin
PhoP	belongs_to_class	other_mechanism
PmrB	confers_resistance_to	ampicillin
PmrB	belongs_to_class	other_mechanism
PmrC	confers_resistance_to	ampicillin
PmrC	belongs_to_class	other_mechanism
PmrE	confers_resistance_to	ampicillin
PmrE	belongs_to_class	other_mechanism
PmrF	confers_resistance_to	ampicillin
PmrF	belongs_to_class	other_mechanism
QacE	confers_resistance_to	ampicillin
QacE	belongs_to_class	other_mechanism
QnrB family	confers_resistance_to	ampicillin
QnrB family	belongs_to_class	quinolone_protection
QnrB1	confers_resistance_to	ampicillin
QnrB1	belongs_to_class	quinolone_protection
QnrB10	confers_resistance_to	ampicillin
QnrB10	belongs_to_class	quinolone_protection
QnrB20	confers_resistance_to	ampicillin
QnrB20	belongs_to_class	quinolone_protection
QnrB4	confers_resistance_to	ampicillin
QnrB4	belongs_to_class	quinolone_protection
QnrD1	confers_resistance_to	ampicillin
QnrD1	belongs_to_class	quinolone_protection
QnrS1	confers_resistance_to	ampicillin
QnrS1	belongs_to_class	quinolone_protection
QnrS2	confers_resistance_to	ampicillin
QnrS2	belongs_to_class	quinolone_protection
S10p	confers_resistance_to	ampicillin
S10p	belongs_to_class	other_mechanism
S12p	confers_resistance_to	ampicillin
S12p	belongs_to_class	other_mechanism
SHV family	confers_resistance_to	ampicillin
SHV family	belongs_to_class	beta_lactamase
SHV-1	confers_resistance_to	ampicillin
SHV-1	belongs_to_class	beta_lactamase
SHV-64	confers_resistance_to	ampicillin
SHV-64	belongs_to_class	beta_lactamase
SHV-7	confers_resistance_to	ampicillin
SHV-7	belongs_to_class	beta_lactamase
SugE	confers_resistance_to	ampicillin
SugE	belongs_to_class	other_mechanism
TEM family	confers_resistance_to	ampicillin
TEM family	belongs_to_class	beta_lactamase
TEM-1	confers_resistance_to	ampicillin
TEM-1	belongs_to_class	beta_lactamase
TEM-12	confers_resistance_to	ampicillin
TEM-12	belongs_to_class	beta_lactamase
TEM-135	confers_resistance_to	ampicillin
TEM-135	belongs_to_class	beta_lactamase
TEM-141	confers_resistance_to	ampicillin
TEM-141	belongs_to_class	beta_lactamase
TEM-190	confers_resistance_to	ampicillin
TEM-190	belongs_to_class	beta_lactamase
TEM-206	confers_resistance_to	ampicillin
TEM-206	belongs_to_class	beta_lactamase
TEM-30	confers_resistance_to	ampicillin
TEM-30	belongs_to_class	beta_lactamase
TEM-33	confers_resistance_to	ampicillin
TEM-33	belongs_to_class	beta_lactamase
TEM-40	confers_resistance_to	ampicillin
TEM-40	belongs_to_class	beta_lactamase
TEM-54	confers_resistance_to	ampicillin
TEM-54	belongs_to_class	beta_lactamase
TEM-67	confers_resistance_to	ampicillin
TEM-67	belongs_to_class	beta_lactamase
TEM-76	confers_resistance_to	ampicillin
TEM-76	belongs_to_class	beta_lactamase
TEM-90	confers_resistance_to	ampicillin
TEM-90	belongs_to_class	beta_lactamase
Tet(A)	confers_resistance_to	ampicillin
Tet(A)	belongs_to_class	efflux_pump
Tet(B)	confers_resistance_to	ampicillin
Tet(B)	belongs_to_class	efflux_pump
Tet(D)	confers_resistance_to	ampicillin
Tet(D)	belongs_to_class	efflux_pump
Tet(M)	confers_resistance_to	ampicillin
Tet(M)	belongs_to_class	efflux_pump
TolC/OpmH	confers_resistance_to	ampicillin
TolC/OpmH	belongs_to_class	efflux_pump
UhpT	confers_resistance_to	ampicillin
UhpT	belongs_to_class	other_mechanism
YojI	confers_resistance_to	ampicillin
YojI	belongs_to_class	other_mechanism
aac(3)	confers_resistance_to	ampicillin
aac(3)	belongs_to_class	aminoglycoside_modifying_enzyme
aac(3)-VIa	confers_resistance_to	ampicillin
aac(3)-VIa	belongs_to_class	aminoglycoside_modifying_enzyme
aac3-VI	confers_resistance_to	ampicillin
aac3-VI	belongs_to_class	aminoglycoside_modifying_enzyme
aacA4	confers_resistance_to	ampicillin
aacA4	belongs_to_class	aminoglycoside_modifying_enzyme
aadA	confers_resistance_to	ampicillin
aadA	belongs_to_class	aminoglycoside_modifying_enzyme
aadA1	confers_resistance_to	ampicillin
aadA1	belongs_to_class	aminoglycoside_modifying_enzyme
aadA15	confers_resistance_to	ampicillin
aadA15	belongs_to_class	aminoglycoside_modifying_enzyme
aadA2	confers_resistance_to	ampicillin
aadA2	belongs_to_class	aminoglycoside_modifying_enzyme
aadA22	confers_resistance_to	ampicillin
aadA22	belongs_to_class	aminoglycoside_modifying_enzyme
aadA24	confers_resistance_to	ampicillin
aadA24	belongs_to_class	aminoglycoside_modifying_enzyme
aadA25	confers_resistance_to	ampicillin
aadA25	belongs_to_class	aminoglycoside_modifying_enzyme
aadA3	confers_resistance_to	ampicillin
aadA3	belongs_to_class	aminoglycoside_modifying_enzyme
aadA4	confers_resistance_to	ampicillin
aadA4	belongs_to_class	aminoglycoside_modifying_enzyme
aadA5	confers_resistance_to	ampicillin
aadA5	belongs_to_class	aminoglycoside_modifying_enzyme
aadA8	confers_resistance_to	ampicillin
aadA8	belongs_to_class	aminoglycoside_modifying_enzyme
acrA	confers_resistance_to	ampicillin
acrA	belongs_to_class	efflux_pump
acrB	confers_resistance_to	ampicillin
acrB	belongs_to_class	efflux_pump
acrB_1	confers_resistance_to	ampicillin
acrB_1	belongs_to_class	efflux_pump
acrB_2	confers_resistance_to	ampicillin
acrB_2	belongs_to_class	efflux_pump
acrD	confers_resistance_to	ampicillin
acrD	belongs_to_class	other_mechanism
acrD_1	confers_resistance_to	ampicillin
acrD_1	belongs_to_class	other_mechanism
acrD_2	confers_resistance_to	ampicillin
acrD_2	belongs_to_class	other_mechanism
acrE	confers_resistance_to	ampicillin
acrE	belongs_to_class	other_mechanism
acrF	confers_resistance_to	ampicillin
acrF	belongs_to_class	other_mechanism
acrR	confers_resistance_to	ampicillin
acrR	belongs_to_class	other_mechanism
acrR_1	confers_resistance_to	ampicillin
acrR_1	belongs_to_class	other_mechanism
acrS	confers_resistance_to	ampicillin
acrS	belongs_to_class	other_mechanism
adiY	confers_resistance_to	ampicillin
adiY	belongs_to_class	other_mechanism
alaS	confers_resistance_to	ampicillin
alaS	belongs_to_class	other_mechanism
alr	confers_resistance_to	ampicillin
alr	belongs_to_class	other_mechanism
ampC	confers_resistance_to	ampicillin
ampC	belongs_to_class	other_mechanism
ampC_1	confers_resistance_to	ampicillin
ampC_1	belongs_to_class	other_mechanism
ampC_2	confers_resistance_to	ampicillin
ampC_2	belongs_to_class	other_mechanism
aph(3'')	confers_resistance_to	ampicillin
aph(3'')	belongs_to_class	aminoglycoside_modifying_enzyme
aph(3'')-Ib	confers_resistance_to	ampicillin
aph(3'')-Ib	belongs_to_class	aminoglycoside_modifying_enzyme
aph(3')-I	confers_resistance_to	ampicillin
aph(3')-I	belongs_to_class	aminoglycoside_modifying_enzyme
aph(4)-Ia	confers_resistance_to	ampicillin
aph(4)-Ia	belongs_to_class	aminoglycoside_modifying_enzyme
aph(6)-I	confers_resistance_to	ampicillin
aph(6)-I	belongs_to_class	aminoglycoside_modifying_enzyme
aph(6)-Ic	confers_resistance_to	ampicillin
aph(6)-Ic	belongs_to_class	aminoglycoside_modifying_enzyme
armA	confers_resistance_to	ampicillin
armA	belongs_to_class	other_mechanism
arnA	confers_resistance_to	ampicillin
arnA	belongs_to_class	other_mechanism
arnB	confers_resistance_to	ampicillin
arnB	belongs_to_class	other_mechanism
arnC	confers_resistance_to	ampicillin
arnC	belongs_to_class	other_mechanism
arnD	confers_resistance_to	ampicillin
arnD	belongs_to_class	other_mechanism
arnF	confers_resistance_to	ampicillin
arnF	belongs_to_class	other_mechanism
arnT	confers_resistance_to	ampicillin
arnT	belongs_to_class	other_mechanism
arr-2	confers_resistance_to	ampicillin
arr-2	belongs_to_class	other_mechanism
arr-3	confers_resistance_to	ampicillin
arr-3	belongs_to_class	other_mechanism
bacA	confers_resistance_to	ampicillin
bacA	belongs_to_class	other_mechanism
baeR	confers_resistance_to	ampicillin
baeR	belongs_to_class	other_mechanism
baeS	confers_resistance_to	ampicillin
baeS	belongs_to_class	other_mechanism
basR	confers_resistance_to	ampicillin
basR	belongs_to_class	other_mechanism
basS	confers_resistance_to	ampicillin
basS	belongs_to_class	other_mechanism
bcr	confers_resistance_to	ampicillin
bcr	belongs_to_class	other_mechanism
bcr_1	confers_resistance_to	ampicillin
bcr_1	belongs_to_class	other_mechanism
bcr_2	confers_resistance_to	ampicillin
bcr_2	belongs_to_class	other_mechanism
bla	confers_resistance_to	ampicillin
bla	belongs_to_class	beta_lactamase
blaCTX-M	confers_resistance_to	ampicillin
blaCTX-M	belongs_to_class	beta_lactamase
blaEC	confers_resistance_to	ampicillin
blaEC	belongs_to_class	beta_lactamase
blaNDM-1	confers_resistance_to	ampicillin
blaNDM-1	belongs_to_class	beta_lactamase
blaT-6	confers_resistance_to	ampicillin
blaT-6	belongs_to_class	beta_lactamase
blaTEM	confers_resistance_to	ampicillin
blaTEM	belongs_to_class	beta_lactamase
bla_1	confers_resistance_to	ampicillin
bla_1	belongs_to_class	beta_lactamase
bla_2	confers_resistance_to	ampicillin
bla_2	belongs_to_class	beta_lactamase
ble	confers_resistance_to	ampicillin
ble	belongs_to_class	other_mechanism
cat	confers_resistance_to	ampicillin
cat	belongs_to_class	chloramphenicol_acetyltransferase
cat3	confers_resistance_to	ampicillin
cat3	belongs_to_class	chloramphenicol_acetyltransferase
catB3	confers_resistance_to	ampicillin
catB3	belongs_to_class	chloramphenicol_acetyltransferase
catB8	confers_resistance_to	ampicillin
catB8	belongs_to_class	chloramphenicol_acetyltransferase
catI	confers_resistance_to	ampicillin
catI	belongs_to_class	chloramphenicol_acetyltransferase
catII	confers_resistance_to	ampicillin
catII	belongs_to_class	chloramphenicol_acetyltransferase
catIII	confers_resistance_to	ampicillin
catIII	belongs_to_class	chloramphenicol_acetyltransferase
cmlA	confers_resistance_to	ampicillin
cmlA	belongs_to_class	chloramphenicol_efflux
cmr	confers_resistance_to	ampicillin
cmr	belongs_to_class	other_mechanism
cpxA	confers_resistance_to	ampicillin
cpxA	belongs_to_class	other_mechanism
cpxR	confers_resistance_to	ampicillin
cpxR	belongs_to_class	other_mechanism
crp	confers_resistance_to	ampicillin
crp	belongs_to_class	other_mechanism
csrA	confers_resistance_to	ampicillin
csrA	belongs_to_class	other_mechanism
cyaA	confers_resistance_to	ampicillin
cyaA	belongs_to_class	other_mechanism
cysB	confers_resistance_to	ampicillin
cysB	belongs_to_class	other_mechanism
dadX	confers_resistance_to	ampicillin
dadX	belongs_to_class	other_mechanism
ddl	confers_resistance_to	ampicillin
ddl	belongs_to_class	other_mechanism
ddlA	confers_resistance_to	ampicillin
ddlA	belongs_to_class	other_mechanism
ddlB	confers_resistance_to	ampicillin
ddlB	belongs_to_class	other_mechanism
ddlB_1	confers_resistance_to	ampicillin
ddlB_1	belongs_to_class	other_mechanism
ddlB_2	confers_resistance_to	ampicillin
ddlB_2	belongs_to_class	other_mechanism
dfrA	confers_resistance_to	ampicillin
dfrA	belongs_to_class	dihydrofolate_reductase
dfrA1	confers_resistance_to	ampicillin
dfrA1	belongs_to_class	dihydrofolate_reductase
dfrA10	confers_resistance_to	ampicillin
dfrA10	belongs_to_class	dihydrofolate_reductase
dfrA12	confers_resistance_to	ampicillin
dfrA12	belongs_to_class	dihydrofolate_reductase
dfrA14	confers_resistance_to	ampicillin
dfrA14	belongs_to_class	dihydrofolate_reductase
dfrA15	confers_resistance_to	ampicillin
dfrA15	belongs_to_class	dihydrofolate_reductase
dfrA16	confers_resistance_to	ampicillin
dfrA16	belongs_to_class	dihydrofolate_reductase
dfrA17	confers_resistance_to	ampicillin
dfrA17	belongs_to_class	dihydrofolate_reductase
dfrA21	confers_resistance_to	ampicillin
dfrA21	belongs_to_class	dihydrofolate_reductase
dfrA25	confers_resistance_to	ampicillin
dfrA25	belongs_to_class	dihydrofolate_reductase
dfrA5	confers_resistance_to	ampicillin
dfrA5	belongs_to_class	dihydrofolate_reductase
dfrA7	confers_resistance_to	ampicillin
dfrA7	belongs_to_class	dihydrofolate_reductase
dfrA8	confers_resistance_to	ampicillin
dfrA8	belongs_to_class	dihydrofolate_reductase
dfrB1	confers_resistance_to	ampicillin
dfrB1	belongs_to_class	dihydrofolate_reductase
dfrD	confers_resistance_to	ampicillin
dfrD	belongs_to_class	dihydrofolate_reductase
dhfrI	confers_resistance_to	ampicillin
dhfrI	belongs_to_class	other_mechanism
dhfrV	confers_resistance_to	ampicillin
dhfrV	belongs_to_class	other_mechanism
dxr	confers_resistance_to	ampicillin
dxr	belongs_to_class	other_mechanism
ebr	confers_resistance_to	ampicillin
ebr	belongs_to_class	other_mechanism
emrA	confers_resistance_to	ampicillin
emrA	belongs_to_class	other_mechanism
emrB	confers_resistance_to	ampicillin
emrB	belongs_to_class	other_mechanism
emrB_1	confers_resistance_to	ampicillin
emrB_1	belongs_to_class	other_mechanism
emrB_2	confers_resistance_to	ampicillin
emrB_2	belongs_to_class	other_mechanism
emrB_3	confers_resistance_to	ampicillin
emrB_3	belongs_to_class	other_mechanism
emrD	confers_resistance_to	ampicillin
emrD	belongs_to_class	other_mechanism
emrE	confers_resistance_to	ampicillin
emrE	belongs_to_class	other_mechanism
emrE_1	confers_resistance_to	ampicillin
emrE_1	belongs_to_class	other_mechanism
emrE_2	confers_resistance_to	ampicillin
emrE_2	belongs_to_class	other_mechanism
emrK	confers_resistance_to	ampicillin
emrK	belongs_to_class	other_mechanism
emrR	confers_resistance_to	ampicillin
emrR	belongs_to_class	other_mechanism
emrY	confers_resistance_to	ampicillin
emrY	belongs_to_class	other_mechanism
envR	confers_resistance_to	ampicillin
envR	belongs_to_class	other_mechanism
eptA	confers_resistance_to	ampicillin
eptA	belongs_to_class	other_mechanism
estX	confers_resistance_to	ampicillin
estX	belongs_to_class	other_mechanism
etsA	confers_resistance_to	ampicillin
etsA	belongs_to_class	other_mechanism
etsB	confers_resistance_to	ampicillin
etsB	belongs_to_class	other_mechanism
evgA	confers_resistance_to	ampicillin
evgA	belongs_to_class	other_mechanism
evgS	confers_resistance_to	ampicillin
evgS	belongs_to_class	other_mechanism
evgS_1	confers_resistance_to	ampicillin
evgS_1	belongs_to_class	other_mechanism
evgS_2	confers_resistance_to	ampicillin
evgS_2	belongs_to_class	other_mechanism
fabF	confers_resistance_to	ampicillin
fabF	belongs_to_class	other_mechanism
fabF_1	confers_resistance_to	ampicillin
fabF_1	belongs_to_class	other_mechanism
fabI	confers_resistance_to	ampicillin
fabI	belongs_to_class	other_mechanism
fabV	confers_resistance_to	ampicillin
fabV	belongs_to_class	other_mechanism
floR	confers_resistance_to	ampicillin
floR	belongs_to_class	other_mechanism
folA	confers_resistance_to	ampicillin
folA	belongs_to_class	other_mechanism
folA, Dfr	confers_resistance_to	ampicillin
folA, Dfr	belongs_to_class	other_mechanism
folA_1	confers_resistance_to	ampicillin
folA_1	belongs_to_class	other_mechanism
folA_2	confers_resistance_to	ampicillin
folA_2	belongs_to_class	other_mechanism
folP	confers_resistance_to	ampicillin
folP	belongs_to_class	other_mechanism
folP2	confers_resistance_to	ampicillin
folP2	belongs_to_class	other_mechanism
ftsI	confers_resistance_to	ampicillin
ftsI	belongs_to_class	other_mechanism
fusA	confers_resistance_to	ampicillin
fusA	belongs_to_class	other_mechanism
fusA1	confers_resistance_to	ampicillin
fusA1	belongs_to_class	other_mechanism
fyuA	confers_resistance_to	ampicillin
fyuA	belongs_to_class	other_mechanism
gadE	confers_resistance_to	ampicillin
gadE	belongs_to_class	other_mechanism
gadW	confers_resistance_to	ampicillin
gadW	belongs_to_class	other_mechanism
gadW_1	confers_resistance_to	ampicillin
gadW_1	belongs_to_class	other_mechanism
gadW_2	confers_resistance_to	ampicillin
gadW_2	belongs_to_class	other_mechanism
gadW_3	confers_resistance_to	ampicillin
gadW_3	belongs_to_class	other_mechanism
gadW_4	confers_resistance_to	ampicillin
gadW_4	belongs_to_class	other_mechanism
gadX	confers_resistance_to	ampicillin
gadX	belongs_to_class	other_mechanism
gidB	confers_resistance_to	ampicillin
gidB	belongs_to_class	other_mechanism
glpT	confers_resistance_to	ampicillin
glpT	belongs_to_class	other_mechanism
glpT_1	confers_resistance_to	ampicillin
glpT_1	belongs_to_class	other_mechanism
glpT_2	confers_resistance_to	ampicillin
glpT_2	belongs_to_class	other_mechanism
gyrA	confers_resistance_to	ampicillin
gyrA	belongs_to_class	dna_gyrase_mutation
gyrB	confers_resistance_to	ampicillin
gyrB	belongs_to_class	dna_gyrase_mutation
hns	confers_resistance_to	ampicillin
hns	belongs_to_class	other_mechanism
hns_1	confers_resistance_to	ampicillin
hns_1	belongs_to_class	other_mechanism
hns_2	confers_resistance_to	ampicillin
hns_2	belongs_to_class	other_mechanism
ileS	confers_resistance_to	ampicillin
ileS	belongs_to_class	other_mechanism
inhA, fabI	confers_resistance_to	ampicillin
inhA, fabI	belongs_to_class	other_mechanism
kasA	confers_resistance_to	ampicillin
kasA	belongs_to_class	other_mechanism
katG	confers_resistance_to	ampicillin
katG	belongs_to_class	other_mechanism
kdpE	confers_resistance_to	ampicillin
kdpE	belongs_to_class	other_mechanism
ksgA	confers_resistance_to	ampicillin
ksgA	belongs_to_class	other_mechanism
ksgA_2	confers_resistance_to	ampicillin
ksgA_2	belongs_to_class	other_mechanism
leuO	confers_resistance_to	ampicillin
leuO	belongs_to_class	other_mechanism
leuO_1	confers_resistance_to	ampicillin
leuO_1	belongs_to_class	other_mechanism
leuO_2	confers_resistance_to	ampicillin
leuO_2	belongs_to_class	other_mechanism
linG	confers_resistance_to	ampicillin
linG	belongs_to_class	other_mechanism
lnu(F)	confers_resistance_to	ampicillin
lnu(F)	belongs_to_class	other_mechanism
macA	confers_resistance_to	ampicillin
macA	belongs_to_class	other_mechanism
macA_1	confers_resistance_to	ampicillin
macA_1	belongs_to_class	other_mechanism
macA_2	confers_resistance_to	ampicillin
macA_2	belongs_to_class	other_mechanism
macA_3	confers_resistance_to	ampicillin
macA_3	belongs_to_class	other_mechanism
macB	confers_resistance_to	ampicillin
macB	belongs_to_class	other_mechanism
macB_1	confers_resistance_to	ampicillin
macB_1	belongs_to_class	other_mechanism
macB_2	confers_resistance_to	ampicillin
macB_2	belongs_to_class	other_mechanism
macB_3	confers_resistance_to	ampicillin
macB_3	belongs_to_class	other_mechanism
marA	confers_resistance_to	ampicillin
marA	belongs_to_class	other_mechanism
marA_1	confers_resistance_to	ampicillin
marA_1	belongs_to_class	other_mechanism
marA_2	confers_resistance_to	ampicillin
marA_2	belongs_to_class	other_mechanism
marB	confers_resistance_to	ampicillin
marB	belongs_to_class	other_mechanism
marR	confers_resistance_to	ampicillin
marR	belongs_to_class	other_mechanism
marR_2	confers_resistance_to	ampicillin
marR_2	belongs_to_class	other_mechanism
mdfA	confers_resistance_to	ampicillin
mdfA	belongs_to_class	other_mechanism
mdtA	confers_resistance_to	ampicillin
mdtA	belongs_to_class	other_mechanism
mdtB	confers_resistance_to	ampicillin
mdtB	belongs_to_class	other_mechanism
mdtC	confers_resistance_to	ampicillin
mdtC	belongs_to_class	other_mechanism
mdtD	confers_resistance_to	ampicillin
mdtD	belongs_to_class	other_mechanism
mdtE	confers_resistance_to	ampicillin
mdtE	belongs_to_class	other_mechanism
mdtE_1	confers_resistance_to	ampicillin
mdtE_1	belongs_to_class	other_mechanism
mdtE_2	confers_resistance_to	ampicillin
mdtE_2	belongs_to_class	other_mechanism
mdtF	confers_resistance_to	ampicillin
mdtF	belongs_to_class	other_mechanism
mdtG	confers_resistance_to	ampicillin
mdtG	belongs_to_class	other_mechanism
mdtG_1	confers_resistance_to	ampicillin
mdtG_1	belongs_to_class	other_mechanism
mdtG_2	confers_resistance_to	ampicillin
mdtG_2	belongs_to_class	other_mechanism
mdtH	confers_resistance_to	ampicillin
mdtH	belongs_to_class	other_mechanism
mdtI	confers_resistance_to	ampicillin
mdtI	belongs_to_class	other_mechanism
mdtJ	confers_resistance_to	ampicillin
mdtJ	belongs_to_class	other_mechanism
mdtK	confers_resistance_to	ampicillin
mdtK	belongs_to_class	other_mechanism
mdtL	confers_resistance_to	ampicillin
mdtL	belongs_to_class	other_mechanism
mdtM	confers_resistance_to	ampicillin
mdtM	belongs_to_class	other_mechanism
mdtM_1	confers_resistance_to	ampicillin
mdtM_1	belongs_to_class	other_mechanism
mdtM_2	confers_resistance_to	ampicillin
mdtM_2	belongs_to_class	other_mechanism
mdtN	confers_resistance_to	ampicillin
mdtN	belongs_to_class	other_mechanism
mdtO	confers_resistance_to	ampicillin
mdtO	belongs_to_class	other_mechanism
mdtO_1	confers_resistance_to	ampicillin
mdtO_1	belongs_to_class	other_mechanism
mdtO_2	confers_resistance_to	ampicillin
mdtO_2	belongs_to_class	other_mechanism
mdtP	confers_resistance_to	ampicillin
mdtP	belongs_to_class	other_mechanism
mdtP_1	confers_resistance_to	ampicillin
mdtP_1	belongs_to_class	other_mechanism
mdtP_2	confers_resistance_to	ampicillin
mdtP_2	belongs_to_class	other_mechanism
mef(B)	confers_resistance_to	ampicillin
mef(B)	belongs_to_class	other_mechanism
mefB	confers_resistance_to	ampicillin
mefB	belongs_to_class	other_mechanism
mexB	confers_resistance_to	ampicillin
mexB	belongs_to_class	efflux_pump
mexB_1	confers_resistance_to	ampicillin
mexB_1	belongs_to_class	efflux_pump
mexB_2	confers_resistance_to	ampicillin
mexB_2	belongs_to_class	efflux_pump
mfd	confers_resistance_to	ampicillin
mfd	belongs_to_class	other_mechanism
mgrB	confers_resistance_to	ampicillin
mgrB	belongs_to_class	other_mechanism
mph(A)	confers_resistance_to	ampicillin
mph(A)	belongs_to_class	macrolide_resistance
mph(B)	confers_resistance_to	ampicillin
mph(B)	belongs_to_class	macrolide_resistance
mphA	confers_resistance_to	ampicillin
mphA	belongs_to_class	macrolide_resistance
mphB	confers_resistance_to	ampicillin
mphB	belongs_to_class	macrolide_resistance
mprA	confers_resistance_to	ampicillin
mprA	belongs_to_class	other_mechanism
msbA	confers_resistance_to	ampicillin
msbA	belongs_to_class	other_mechanism
msrE	confers_resistance_to	ampicillin
msrE	belongs_to_class	macrolide_efflux
murA	confers_resistance_to	ampicillin
murA	belongs_to_class	other_mechanism
neo	confers_resistance_to	ampicillin
neo	belongs_to_class	other_mechanism
nfsA	confers_resistance_to	ampicillin
nfsA	belongs_to_class	other_mechanism
nfsA_1	confers_resistance_to	ampicillin
nfsA_1	belongs_to_class	other_mechanism
nfsA_2	confers_resistance_to	ampicillin
nfsA_2	belongs_to_class	other_mechanism
ompF	confers_resistance_to	ampicillin
ompF	belongs_to_class	other_mechanism
oprB	confers_resistance_to	ampicillin
oprB	belongs_to_class	other_mechanism
oxyR	confers_resistance_to	ampicillin
oxyR	belongs_to_class	other_mechanism
oxyR_1	confers_resistance_to	ampicillin
oxyR_1	belongs_to_class	other_mechanism
oxyR_2	confers_resistance_to	ampicillin
oxyR_2	belongs_to_class	other_mechanism
parC	confers_resistance_to	ampicillin
parC	belongs_to_class	topoisomerase_mutation
parE	confers_resistance_to	ampicillin
parE	belongs_to_class	topoisomerase_mutation
patA	confers_resistance_to	ampicillin
patA	belongs_to_class	other_mechanism
pgsA	confers_resistance_to	ampicillin
pgsA	belongs_to_class	other_mechanism
phoP	confers_resistance_to	ampicillin
phoP	belongs_to_class	other_mechanism
pipB2_2	confers_resistance_to	ampicillin
pipB2_2	belongs_to_class	other_mechanism
pmrB	confers_resistance_to	ampicillin
pmrB	belongs_to_class	other_mechanism
pmrD	confers_resistance_to	ampicillin
pmrD	belongs_to_class	other_mechanism
proP_1	confers_resistance_to	ampicillin
proP_1	belongs_to_class	other_mechanism
ptsI	confers_resistance_to	ampicillin
ptsI	belongs_to_class	other_mechanism
qac	confers_resistance_to	ampicillin
qac	belongs_to_class	other_mechanism
qacA	confers_resistance_to	ampicillin
qacA	belongs_to_class	other_mechanism
qacE	confers_resistance_to	ampicillin
qacE	belongs_to_class	other_mechanism
qacH	confers_resistance_to	ampicillin
qacH	belongs_to_class	other_mechanism
qepA	confers_resistance_to	ampicillin
qepA	belongs_to_class	other_mechanism
ramA	confers_resistance_to	ampicillin
ramA	belongs_to_class	other_mechanism
ramR	confers_resistance_to	ampicillin
ramR	belongs_to_class	other_mechanism
rho	confers_resistance_to	ampicillin
rho	belongs_to_class	other_mechanism
rmtB	confers_resistance_to	ampicillin
rmtB	belongs_to_class	other_mechanism
rmtC	confers_resistance_to	ampicillin
rmtC	belongs_to_class	other_mechanism
robA	confers_resistance_to	ampicillin
robA	belongs_to_class	other_mechanism
rosA	confers_resistance_to	ampicillin
rosA	belongs_to_class	other_mechanism
rosB	confers_resistance_to	ampicillin
rosB	belongs_to_class	other_mechanism
rplF	confers_resistance_to	ampicillin
rplF	belongs_to_class	other_mechanism
rpoB	confers_resistance_to	ampicillin
rpoB	belongs_to_class	other_mechanism
rpoC	confers_resistance_to	ampicillin
rpoC	belongs_to_class	other_mechanism
rpsJ	confers_resistance_to	ampicillin
rpsJ	belongs_to_class	other_mechanism
rpsL	confers_resistance_to	ampicillin
rpsL	belongs_to_class	other_mechanism
sat-1	confers_resistance_to	ampicillin
sat-1	belongs_to_class	other_mechanism
sat2	confers_resistance_to	ampicillin
sat2	belongs_to_class	other_mechanism
sdiA	confers_resistance_to	ampicillin
sdiA	belongs_to_class	other_mechanism
sdiA_1	confers_resistance_to	ampicillin
sdiA_1	belongs_to_class	other_mechanism
smeA	confers_resistance_to	ampicillin
smeA	belongs_to_class	other_mechanism
soxR	confers_resistance_to	ampicillin
soxR	belongs_to_class	other_mechanism
soxS	confers_resistance_to	ampicillin
soxS	belongs_to_class	other_mechanism
soxS_1	confers_resistance_to	ampicillin
soxS_1	belongs_to_class	other_mechanism
stpA_2	confers_resistance_to	ampicillin
stpA_2	belongs_to_class	other_mechanism
strA	confers_resistance_to	ampicillin
strA	belongs_to_class	other_mechanism
strA_1	confers_resistance_to	ampicillin
strA_1	belongs_to_class	other_mechanism
strA_2	confers_resistance_to	ampicillin
strA_2	belongs_to_class	other_mechanism
sugE	confers_resistance_to	ampicillin
sugE	belongs_to_class	other_mechanism
sul1	confers_resistance_to	ampicillin
sul1	belongs_to_class	sulfonamide_resistance
sul2	confers_resistance_to	ampicillin
sul2	belongs_to_class	sulfonamide_resistance
sul3	confers_resistance_to	ampicillin
sul3	belongs_to_class	sulfonamide_resistance
sulI	confers_resistance_to	ampicillin
sulI	belongs_to_class	sulfonamide_resistance
tet(A)	confers_resistance_to	ampicillin
tet(A)	belongs_to_class	efflux_pump
tet(B)	confers_resistance_to	ampicillin
tet(B)	belongs_to_class	efflux_pump
tet(M)	confers_resistance_to	ampicillin
tet(M)	belongs_to_class	efflux_pump
tetA	confers_resistance_to	ampicillin
tetA	belongs_to_class	efflux_pump
tetC	confers_resistance_to	ampicillin
tetC	belongs_to_class	efflux_pump
tetD	confers_resistance_to	ampicillin
tetD	belongs_to_class	efflux_pump
tetD_2	confers_resistance_to	ampicillin
tetD_2	belongs_to_class	efflux_pump
tetM	confers_resistance_to	ampicillin
tetM	belongs_to_class	efflux_pump
tetR	confers_resistance_to	ampicillin
tetR	belongs_to_class	efflux_pump
tolC	confers_resistance_to	ampicillin
tolC	belongs_to_class	efflux_pump
tuf	confers_resistance_to	ampicillin
tuf	belongs_to_class	other_mechanism
tufA	confers_resistance_to	ampicillin
tufA	belongs_to_class	other_mechanism
tufA_1	confers_resistance_to	ampicillin
tufA_1	belongs_to_class	other_mechanism
tufA_2	confers_resistance_to	ampicillin
tufA_2	belongs_to_class	other_mechanism
ugd	confers_resistance_to	ampicillin
ugd	belongs_to_class	other_mechanism
ugd_1	confers_resistance_to	ampicillin
ugd_1	belongs_to_class	other_mechanism
ugpQ	confers_resistance_to	ampicillin
ugpQ	belongs_to_class	other_mechanism
ugpQ_1	confers_resistance_to	ampicillin
ugpQ_1	belongs_to_class	other_mechanism
ugpQ_2	confers_resistance_to	ampicillin
ugpQ_2	belongs_to_class	other_mechanism
uhpT	confers_resistance_to	ampicillin
uhpT	belongs_to_class	other_mechanism
uhpT_1	confers_resistance_to	ampicillin
uhpT_1	belongs_to_class	other_mechanism
uhpT_2	confers_resistance_to	ampicillin
uhpT_2	belongs_to_class	other_mechanism
uppP	confers_resistance_to	ampicillin
uppP	belongs_to_class	other_mechanism
vapB	confers_resistance_to	ampicillin
vapB	belongs_to_class	other_mechanism
vapB_2	confers_resistance_to	ampicillin
vapB_2	belongs_to_class	other_mechanism
vapB_3	confers_resistance_to	ampicillin
vapB_3	belongs_to_class	other_mechanism
vgaC	confers_resistance_to	ampicillin
vgaC	belongs_to_class	other_mechanism
ybhT	confers_resistance_to	ampicillin
ybhT	belongs_to_class	other_mechanism
ybjG	confers_resistance_to	ampicillin
ybjG	belongs_to_class	other_mechanism
yceL	confers_resistance_to	ampicillin
yceL	belongs_to_class	other_mechanism
yeeO	confers_resistance_to	ampicillin
yeeO	belongs_to_class	other_mechanism
yeeO_1	confers_resistance_to	ampicillin
yeeO_1	belongs_to_class	other_mechanism
yeeO_2	confers_resistance_to	ampicillin
yeeO_2	belongs_to_class	other_mechanism
yegM	confers_resistance_to	ampicillin
yegM	belongs_to_class	other_mechanism
yegM_1	confers_resistance_to	ampicillin
yegM_1	belongs_to_class	other_mechanism
yegM_2	confers_resistance_to	ampicillin
yegM_2	belongs_to_class	other_mechanism
yfbE	confers_resistance_to	ampicillin
yfbE	belongs_to_class	other_mechanism
yfbE_1	confers_resistance_to	ampicillin
yfbE_1	belongs_to_class	other_mechanism
yfbF	confers_resistance_to	ampicillin
yfbF	belongs_to_class	other_mechanism
yfbF_1	confers_resistance_to	ampicillin
yfbF_1	belongs_to_class	other_mechanism
yfbF_2	confers_resistance_to	ampicillin
yfbF_2	belongs_to_class	other_mechanism
yfbW	confers_resistance_to	ampicillin
yfbW	belongs_to_class	other_mechanism
ygjG	confers_resistance_to	ampicillin
ygjG	belongs_to_class	other_mechanism
yhiE	confers_resistance_to	ampicillin
yhiE	belongs_to_class	other_mechanism
yjdB	confers_resistance_to	ampicillin
yjdB	belongs_to_class	other_mechanism
yojI	confers_resistance_to	ampicillin
yojI	belongs_to_class	other_mechanism
efflux_pump	involves_drug	ampicillin
macrolide_resistance	involves_drug	ampicillin
topoisomerase_mutation	involves_drug	ampicillin
chloramphenicol_efflux	involves_drug	ampicillin
carbapenemase	involves_drug	ampicillin
dihydrofolate_reductase	involves_drug	ampicillin
beta_lactamase	involves_drug	ampicillin
quinolone_protection	involves_drug	ampicillin
dna_gyrase_mutation	involves_drug	ampicillin
macrolide_efflux	involves_drug	ampicillin
chloramphenicol_acetyltransferase	involves_drug	ampicillin
aminoglycoside_modifying_enzyme	involves_drug	ampicillin
colistin_resistance	involves_drug	ampicillin
other_mechanism	involves_drug	ampicillin
sulfonamide_resistance	involves_drug	ampicillin
