phenotype,Rv0678,Rv2983,atpE,ddn,eis,embB,ethA,fabG1,fbiA,fbiB,fbiC,fgd1,gid,gyrA,gyrB,inhA,katG,mmpL5,pepQ,pncA,rplC,rpoB,rpsL,rrl,rrs,tlyA
Susceptible,0.05263158,2.9488103e-30,0.05263158,0.05263158,0.05263158,6.0190795e-28,0.05263158,0.05263158,0.05263158,0.05263158,1.8677428e-27,0.05263158,0.05263158,9.11773e-29,0.05263158,0.05263158,0.05263158,1.583168e-28,0.05263158,0.05263158,0.05263158,0.05263158,0.05263158,1.4064084e-27,0.05263158,9.261782e-27
Susceptible,0.04761905,0.04761905,0.04761905,0.04761905,0.04761905,0.04761905,0.04761905,0.04761905,0.04761905,0.04761905,0.04761905,0.04761905,3.1710162e-14,1.8369515e-15,0.04761905,0.04761905,0.04761905,2.5733496e-15,0.04761905,0.04761905,0.04761905,0.04761905,0.04761905,0.04761905,1.1538592e-13,2.6249717e-14
Susceptible,0.04761905,0.04761905,0.04761905,0.04761905,0.04761905,0.04761905,0.04761905,0.04761905,0.04761905,0.04761905,0.04761905,3.0425562e-12,0.04761905,4.5076065e-12,0.04761905,0.04761905,0.04761905,8.202627e-12,0.04761905,0.04761905,0.04761905,7.286278e-12,0.04761905,0.04761905,0.04761905,9.161611e-11
Susceptible,0.05882353,0.05882353,0.05882353,0.05882353,1.99852e-21,0.05882353,0.05882353,0.05882353,0.05882353,0.05882353,0.05882353,3.6973274e-22,1.0400004e-19,1.4845509e-21,0.05882353,0.05882353,2.229055e-25,3.9673816e-21,0.05882353,9.923946e-27,0.05882353,3.5093723e-21,0.05882353,0.05882353,0.05882353,1.0854672e-19
Susceptible,0.055555556,0.055555556,0.055555556,0.055555556,0.055555556,7.654656e-15,0.055555556,0.055555556,0.055555556,0.055555556,0.055555556,1.121817e-15,4.6225163e-14,3.1823898e-15,0.055555556,0.055555556,9.3555476e-18,4.7379855e-15,0.055555556,0.055555556,0.055555556,5.50492e-15,0.055555556,0.055555556,0.055555556,5.1474148e-14
Susceptible,0.045454547,0.045454547,0.045454547,0.045454547,0.045454547,0.045454547,0.045454547,0.045454547,0.045454547,0.045454547,0.045454547,0.045454547,0.045454547,1.5186335e-31,0.045454547,0.045454547,0.045454547,2.771352e-31,0.045454547,0.045454547,0.045454547,0.045454547,0.045454547,1.2138831e-29,0.045454547,8.7503496e-29
Susceptible,0.04347826,0.04347826,0.04347826,0.04347826,0.04347826,0.04347826,0.04347826,0.04347826,0.04347826,0.04347826,0.04347826,0.04347826,0.04347826,9.4227765e-15,0.04347826,0.04347826,0.04347826,1.36945085e-14,0.04347826,0.04347826,0.04347826,0.04347826,0.04347826,0.04347826,0.04347826,1.8596974e-13
Susceptible,0.04347826,0.04347826,0.04347826,0.04347826,0.04347826,0.04347826,0.04347826,0.04347826,0.04347826,0.04347826,0.04347826,0.04347826,0.04347826,4.1355194e-15,0.04347826,0.04347826,0.04347826,4.7030806e-15,0.04347826,0.04347826,0.04347826,0.04347826,0.04347826,0.04347826,0.04347826,4.978069e-14
Susceptible,0.04761905,0.04761905,0.04761905,0.04761905,0.04761905,0.04761905,0.04761905,0.04761905,0.04761905,1.4439365e-23,0.04761905,0.04761905,0.04761905,4.8853493e-24,0.04761905,0.04761905,0.04761905,1.6007936e-23,0.04761905,0.04761905,0.04761905,0.04761905,0.04761905,1.9845828e-22,0.04761905,8.202992e-22
Susceptible,0.05263158,1.5010889e-15,0.05263158,0.05263158,0.05263158,1.7650662e-14,0.05263158,0.05263158,0.05263158,0.05263158,0.05263158,0.05263158,0.05263158,9.3381655e-15,5.322008e-14,0.05263158,0.05263158,5.6275946e-15,0.05263158,0.05263158,0.05263158,0.05263158,0.05263158,3.053853e-14,0.05263158,3.570956e-14
Susceptible,0.071428575,1.6752073e-24,0.071428575,0.071428575,0.071428575,5.617201e-23,0.071428575,4.2769104e-24,4.963201e-22,0.071428575,0.071428575,4.4840787e-24,1.1514898e-21,2.3740488e-23,5.039399e-22,0.071428575,6.725358e-27,3.498793e-23,0.071428575,0.071428575,0.071428575,5.517681e-23,0.071428575,0.071428575,0.071428575,7.579476e-22
Susceptible,0.04761905,0.04761905,0.04761905,0.04761905,0.04761905,7.439577e-11,0.04761905,0.04761905,0.04761905,0.04761905,0.04761905,0.04761905,1.7722938e-10,3.8323865e-11,0.04761905,0.04761905,0.04761905,2.9473906e-11,0.04761905,0.04761905,0.04761905,0.04761905,0.04761905,0.04761905,0.04761905,1.2838142e-10
Susceptible,0.04761905,0.04761905,0.04761905,0.04761905,0.04761905,0.04761905,0.04761905,0.04761905,0.04761905,0.04761905,0.04761905,0.04761905,1.2537701e-15,6.424119e-17,0.04761905,0.04761905,0.04761905,6.596613e-17,0.04761905,0.04761905,0.04761905,1.1283371e-16,0.04761905,0.04761905,0.04761905,9.797224e-16
Susceptible,0.04761905,0.04761905,0.04761905,0.04761905,0.04761905,7.646861e-18,0.04761905,0.04761905,0.04761905,0.04761905,0.04761905,0.04761905,0.04761905,1.8052094e-18,0.04761905,0.04761905,0.04761905,2.178678e-18,0.04761905,0.04761905,0.04761905,0.04761905,0.04761905,1.4217064e-17,0.04761905,3.7243546e-17
Susceptible,0.055555556,0.055555556,0.055555556,0.055555556,9.74287e-13,0.055555556,0.055555556,0.055555556,0.055555556,0.055555556,0.055555556,3.702401e-13,6.9129633e-12,9.155809e-13,0.055555556,0.055555556,6.6295456e-15,1.3632672e-12,0.055555556,0.055555556,0.055555556,1.3973994e-12,0.055555556,0.055555556,0.055555556,7.0899775e-12
Susceptible,0.05,0.05,0.05,0.05,0.05,2.1533622e-10,0.05,0.05,0.05,0.05,0.05,4.6459003e-11,0.05,7.823126e-11,0.05,0.05,0.05,1.33815e-10,0.05,0.05,0.05,1.1282332e-10,0.05,0.05,0.05,9.891552e-10
Susceptible,0.04761905,0.04761905,0.04761905,0.04761905,0.04761905,0.04761905,0.04761905,0.04761905,0.04761905,0.04761905,0.04761905,0.04761905,6.364232e-15,3.0903806e-16,3.7857223e-15,0.04761905,0.04761905,4.380403e-16,0.04761905,0.04761905,0.04761905,0.04761905,0.04761905,0.04761905,0.04761905,6.2537078e-15
Susceptible,0.04347826,0.04347826,0.04347826,0.04347826,0.04347826,0.04347826,0.04347826,0.04347826,0.04347826,0.04347826,0.04347826,0.04347826,0.04347826,1.6506793e-14,0.04347826,0.04347826,0.04347826,1.4374322e-14,0.04347826,0.04347826,0.04347826,0.04347826,0.04347826,0.04347826,0.04347826,1.1718343e-13
Susceptible,0.055555556,0.055555556,0.055555556,0.055555556,0.055555556,0.055555556,0.055555556,0.055555556,0.055555556,0.055555556,0.055555556,2.5046036e-15,7.04226e-14,9.427608e-15,0.055555556,0.055555556,9.7591225e-17,6.447515e-15,0.055555556,4.0568325e-17,0.055555556,1.1579093e-14,0.055555556,0.055555556,0.055555556,3.78232e-14
Susceptible,0.05,0.05,0.05,0.05,0.05,1.0105884e-20,0.05,0.05,0.05,0.05,0.05,0.05,0.05,1.5200381e-21,0.05,0.05,2.1658111e-24,2.6736792e-21,7.0082406e-20,0.05,0.05,0.05,0.05,0.05,0.05,7.203917e-20
Susceptible,0.055555556,0.055555556,0.055555556,0.055555556,0.055555556,0.055555556,8.987261e-11,0.055555556,0.055555556,0.055555556,0.055555556,1.0158443e-11,1.5316945e-10,1.9296835e-11,0.055555556,0.055555556,3.0743317e-13,2.8310918e-11,0.055555556,0.055555556,0.055555556,3.1628745e-11,0.055555556,0.055555556,0.055555556,1.49396e-10
Susceptible,0.05882353,0.05882353,0.05882353,0.05882353,0.05882353,4.4436577e-16,0.05882353,0.05882353,0.05882353,0.05882353,0.05882353,1.08881155e-16,3.610101e-15,1.0619054e-15,3.0587029e-15,0.05882353,1.3446662e-17,3.0526459e-16,0.05882353,0.05882353,0.05882353,1.1498086e-15,0.05882353,0.05882353,0.05882353,9.696331e-16
Susceptible,0.06666667,0.06666667,0.06666667,0.06666667,0.06666667,2.5507766e-21,0.06666667,0.06666667,0.06666667,0.06666667,0.06666667,2.0965704e-22,3.4823e-20,9.648326e-22,1.7466806e-20,1.4942202e-20,6.533781e-25,1.2434386e-21,2.6010775e-20,0.06666667,0.06666667,1.9890036e-21,0.06666667,0.06666667,0.06666667,2.4504403e-20
Susceptible,0.04761905,0.04761905,0.04761905,0.04761905,0.04761905,6.8686464e-14,0.04761905,0.04761905,0.04761905,0.04761905,0.04761905,1.2236624e-14,0.04761905,2.4686338e-14,0.04761905,0.04761905,0.04761905,3.6986205e-14,0.04761905,0.04761905,0.04761905,0.04761905,0.04761905,0.04761905,0.04761905,3.89676e-13
Susceptible,0.045454547,0.045454547,0.045454547,0.045454547,0.045454547,0.045454547,0.045454547,0.045454547,0.045454547,0.045454547,0.045454547,0.045454547,0.045454547,4.0497167e-14,0.045454547,0.045454547,0.045454547,5.4578944e-14,0.045454547,0.045454547,0.045454547,0.045454547,0.045454547,2.9868103e-13,0.045454547,4.696027e-13
Susceptible,0.055555556,0.055555556,0.055555556,0.055555556,0.055555556,6.508345e-10,0.055555556,0.055555556,0.055555556,0.055555556,0.055555556,2.8999503e-10,1.8454218e-09,1.3976016e-09,0.055555556,0.055555556,2.3920085e-10,3.0383918e-10,0.055555556,0.055555556,0.055555556,1.2055802e-09,0.055555556,0.055555556,0.055555556,4.842564e-10
Susceptible,0.06666667,0.06666667,0.06666667,0.06666667,4.197224e-33,3.6051604e-32,0.06666667,0.06666667,0.06666667,0.06666667,2.5545808e-31,3.6962582e-34,2.5550596e-30,2.2065566e-33,5.768928e-31,0.06666667,2.373196e-39,2.2638797e-32,0.06666667,0.06666667,0.06666667,1.1010144e-32,0.06666667,0.06666667,0.06666667,4.5272395e-30
Susceptible,0.04761905,0.04761905,0.04761905,0.04761905,0.04761905,0.04761905,0.04761905,0.04761905,0.04761905,0.04761905,0.04761905,4.290774e-12,0.04761905,5.490873e-12,0.04761905,0.04761905,0.04761905,1.30453825e-11,0.04761905,0.04761905,0.04761905,9.529217e-12,0.04761905,0.04761905,0.04761905,1.7234633e-10
Susceptible,0.045454547,0.045454547,0.045454547,0.045454547,0.045454547,0.045454547,0.045454547,0.045454547,0.045454547,0.045454547,0.045454547,0.045454547,2.1991413e-13,1.9046644e-14,0.045454547,0.045454547,0.045454547,1.9543076e-14,0.045454547,0.045454547,0.045454547,0.045454547,0.045454547,0.045454547,0.045454547,1.735839e-13
Susceptible,0.055555556,0.055555556,0.055555556,0.055555556,0.055555556,0.055555556,0.055555556,0.055555556,0.055555556,0.055555556,0.055555556,1.486514e-20,1.844354e-18,4.7841412e-20,0.055555556,0.055555556,4.83112e-23,7.190125e-20,0.055555556,1.1674658e-24,0.055555556,8.8787887e-20,0.055555556,0.055555556,0.055555556,1.5164995e-18
Susceptible,0.05263158,0.05263158,0.05263158,0.05263158,0.05263158,0.05263158,0.05263158,0.05263158,0.05263158,0.05263158,0.05263158,0.05263158,1.7173254e-14,8.6174644e-16,1.0000749e-14,0.05263158,0.05263158,1.3363778e-15,0.05263158,0.05263158,0.05263158,0.05263158,0.05263158,8.111623e-15,6.400751e-14,1.4666499e-14
Susceptible,0.05882353,0.05882353,0.05882353,0.05882353,2.114976e-14,4.293011e-14,0.05882353,0.05882353,0.05882353,0.05882353,0.05882353,7.865403e-15,1.976918e-13,1.9068297e-14,0.05882353,0.05882353,1.0809938e-16,3.3205152e-14,0.05882353,0.05882353,0.05882353,3.113255e-14,0.05882353,0.05882353,0.05882353,2.1957578e-13
Susceptible,0.055555556,0.055555556,0.055555556,0.055555556,0.055555556,0.055555556,0.055555556,0.055555556,0.055555556,0.055555556,0.055555556,2.7882723e-16,1.2432035e-14,5.684832e-16,0.055555556,0.055555556,2.1224824e-18,1.1050845e-15,1.2574789e-14,0.055555556,0.055555556,1.1084684e-15,0.055555556,0.055555556,0.055555556,1.3997776e-14
Susceptible,0.045454547,0.045454547,0.045454547,0.045454547,0.045454547,0.045454547,0.045454547,0.045454547,3.1573037e-15,0.045454547,0.045454547,0.045454547,0.045454547,1.5554655e-16,0.045454547,0.045454547,0.045454547,2.823803e-16,0.045454547,0.045454547,0.045454547,0.045454547,0.045454547,0.045454547,0.045454547,4.566593e-15
Susceptible,0.07692308,1.05734024e-35,0.07692308,0.07692308,7.579284e-34,4.4393294e-33,5.7235513e-32,0.07692308,1.0416649e-31,0.07692308,0.07692308,5.63109e-35,3.265951e-31,4.352251e-34,8.3914316e-32,0.07692308,1.079147e-39,2.0813228e-33,0.07692308,0.07692308,0.07692308,2.3341207e-33,0.07692308,0.07692308,0.07692308,2.5260814e-31
Susceptible,0.083333336,0.083333336,0.083333336,0.083333336,0.083333336,1.3561802e-20,2.3508003e-19,9.241258e-21,0.083333336,6.8693796e-21,9.965958e-20,3.0340688e-21,4.6948905e-19,2.2036588e-20,1.8857819e-19,0.083333336,3.9089774e-23,2.1355579e-20,0.083333336,0.083333336,0.083333336,6.144301e-20,0.083333336,2.1196665e-20,0.083333336,1.6370277e-19
Susceptible,0.055555556,0.055555556,0.055555556,0.055555556,0.055555556,0.055555556,0.055555556,0.055555556,0.055555556,0.055555556,0.055555556,1.8679732e-20,2.253655e-18,5.962734e-20,0.055555556,0.055555556,6.33906e-23,8.876452e-20,0.055555556,1.5803738e-24,0.055555556,1.1037235e-19,0.055555556,0.055555556,0.055555556,1.8368695e-18
Susceptible,0.05,0.05,0.05,0.05,0.05,8.316639e-23,0.05,5.009681e-24,0.05,0.05,0.05,0.05,0.05,2.2865851e-23,0.05,0.05,0.05,1.9267836e-23,0.05,0.05,0.05,0.05,0.05,1.6077286e-22,0.05,5.815684e-22
Susceptible,0.055555556,0.055555556,0.055555556,0.055555556,0.055555556,0.055555556,0.055555556,0.055555556,0.055555556,0.055555556,0.055555556,6.504564e-20,6.620677e-18,2.2283075e-19,0.055555556,0.055555556,3.469706e-22,3.0656676e-19,0.055555556,1.616797e-23,0.055555556,3.982796e-19,0.055555556,0.055555556,0.055555556,4.5558784e-18
Susceptible,0.04347826,0.04347826,0.04347826,0.04347826,0.04347826,0.04347826,0.04347826,0.04347826,0.04347826,0.04347826,0.04347826,0.04347826,0.04347826,4.46808e-13,0.04347826,0.04347826,0.04347826,5.955018e-13,0.04347826,0.04347826,0.04347826,0.04347826,0.04347826,0.04347826,0.04347826,5.446611e-12
Susceptible,0.051181193,0.051181193,0.051181193,0.051181193,0.051181193,0.051181193,0.051181193,0.0018367124,0.051181193,0.051181193,0.051181193,0.051181193,0.005787781,0.0031417648,0.051181193,0.051181193,0.051181193,0.0042941873,0.051181193,0.0002396349,0.051181193,0.0033017148,0.051181193,0.051181193,0.051181193,0.0089556305
Susceptible,0.045454547,0.045454547,0.045454547,0.045454547,0.045454547,0.045454547,0.045454547,0.045454547,0.045454547,0.045454547,0.045454547,0.045454547,0.045454547,8.976279e-14,0.045454547,0.045454547,0.045454547,7.9937853e-14,0.045454547,0.045454547,0.045454547,0.045454547,0.045454547,4.604644e-13,0.045454547,5.8371813e-13
Susceptible,0.05263158,0.05263158,0.05263158,0.05263158,0.05263158,0.05263158,0.05263158,0.05263158,0.05263158,0.05263158,0.05263158,2.4643171e-11,3.0743844e-10,4.0117937e-11,0.05263158,0.05263158,7.6886284e-13,6.541885e-11,0.05263158,0.05263158,0.05263158,6.189812e-11,0.05263158,0.05263158,0.05263158,3.7309697e-10
Susceptible,0.05882353,0.05882353,0.05882353,0.05882353,0.05882353,3.225192e-26,0.05882353,0.05882353,0.05882353,0.05882353,0.05882353,8.234425e-28,6.5454363e-25,5.1229867e-27,0.05882353,0.05882353,2.8441634e-31,9.854007e-27,0.05882353,4.9856815e-33,0.05882353,1.3544466e-26,0.05882353,0.05882353,0.05882353,4.717361e-25
Susceptible,0.055555556,0.055555556,0.055555556,0.055555556,0.055555556,0.055555556,0.055555556,0.055555556,0.055555556,0.055555556,0.055555556,7.1772163e-28,5.6846323e-25,4.7491037e-27,0.055555556,1.8847676e-25,3.3254209e-31,5.515554e-27,0.055555556,0.055555556,0.055555556,1.3697448e-26,0.055555556,0.055555556,0.055555556,2.9221153e-25
Susceptible,0.05,0.05,0.05,0.05,0.05,0.05,0.05,0.05,0.05,0.05,0.05,4.0868444e-11,3.9294873e-10,6.213772e-11,0.05,0.05,0.05,7.10781e-11,0.05,0.05,0.05,0.05,0.05,0.05,9.1867625e-10,3.3733355e-10
Susceptible,0.04761905,0.04761905,0.04761905,0.04761905,0.04761905,7.0711225e-15,0.04761905,0.04761905,0.04761905,0.04761905,0.04761905,0.04761905,2.917068e-14,2.3248808e-15,0.04761905,0.04761905,0.04761905,2.4478244e-15,0.04761905,0.04761905,0.04761905,0.04761905,0.04761905,0.04761905,0.04761905,2.2800103e-14
Susceptible,0.045454547,0.045454547,0.045454547,0.045454547,0.045454547,0.045454547,0.045454547,0.045454547,0.045454547,0.045454547,0.045454547,0.045454547,2.1991413e-13,1.9046644e-14,0.045454547,0.045454547,0.045454547,1.9543076e-14,0.045454547,0.045454547,0.045454547,0.045454547,0.045454547,0.045454547,0.045454547,1.735839e-13
Susceptible,0.06666667,0.06666667,0.06666667,0.06666667,0.06666667,1.1984497e-17,0.06666667,0.06666667,0.06666667,0.06666667,3.9438016e-17,1.374013e-18,1.0874076e-16,4.2080134e-18,5.4688302e-17,0.06666667,5.8718438e-21,8.1037354e-18,0.06666667,0.06666667,7.374314e-18,8.2012625e-18,0.06666667,0.06666667,0.06666667,1.1039337e-16
Susceptible,0.04761905,0.04761905,0.04761905,0.04761905,0.04761905,0.04761905,0.04761905,0.04761905,0.04761905,0.04761905,0.04761905,0.04761905,3.1710162e-14,1.8369515e-15,0.04761905,0.04761905,0.04761905,2.5733496e-15,0.04761905,0.04761905,0.04761905,0.04761905,0.04761905,0.04761905,1.1538592e-13,2.6249717e-14
Susceptible,0.045454472,0.045454472,0.045454472,0.045454472,0.045454472,0.045454472,0.045454472,0.045454472,0.045454472,0.045454472,0.045454472,0.045454472,4.9203027e-07,1.11102324e-07,0.045454472,0.045454472,0.045454472,1.828483e-07,0.045454472,0.045454472,0.045454472,0.045454472,0.045454472,0.045454472,8.405641e-07,0.045454472
Susceptible,0.055555556,0.055555556,0.055555556,0.055555556,0.055555556,0.055555556,8.987261e-11,0.055555556,0.055555556,0.055555556,0.055555556,1.0158443e-11,1.5316945e-10,1.9296835e-11,0.055555556,0.055555556,3.0743317e-13,2.8310918e-11,0.055555556,0.055555556,0.055555556,3.1628745e-11,0.055555556,0.055555556,0.055555556,1.49396e-10
Susceptible,0.05263158,1.5010889e-15,0.05263158,0.05263158,0.05263158,1.7650662e-14,0.05263158,0.05263158,0.05263158,0.05263158,0.05263158,0.05263158,0.05263158,9.3381655e-15,5.322008e-14,0.05263158,0.05263158,5.6275946e-15,0.05263158,0.05263158,0.05263158,0.05263158,0.05263158,3.053853e-14,0.05263158,3.570956e-14
Susceptible,0.04761905,0.04761905,0.04761905,0.04761905,0.04761905,0.04761905,0.04761905,0.04761905,0.04761905,0.04761905,0.04761905,2.1149796e-15,0.04761905,4.0633623e-15,0.04761905,0.04761905,0.04761905,7.67853e-15,0.04761905,0.04761905,0.04761905,7.606289e-15,0.04761905,0.04761905,0.04761905,1.4288863e-13
Susceptible,1.3873692e-19,0.06666667,0.06666667,0.06666667,2.82853e-21,5.255501e-21,0.06666667,0.06666667,0.06666667,0.06666667,0.06666667,5.0384937e-22,6.6609624e-20,2.9637988e-21,4.0455992e-20,0.06666667,2.000712e-24,3.232896e-21,0.06666667,0.06666667,0.06666667,5.392995e-21,0.06666667,0.06666667,0.06666667,3.5835593e-20
Susceptible,0.055555556,0.055555556,0.055555556,0.055555556,0.055555556,9.2991316e-11,0.055555556,0.055555556,0.055555556,0.055555556,0.055555556,2.3771485e-11,2.7768066e-10,4.3646295e-11,0.055555556,0.055555556,1.0181482e-12,5.9195523e-11,0.055555556,0.055555556,0.055555556,6.087607e-11,0.055555556,0.055555556,0.055555556,3.194573e-10
Susceptible,0.055555556,0.055555556,0.055555556,0.055555556,0.055555556,0.055555556,0.055555556,0.055555556,0.055555556,0.055555556,0.055555556,1.9616409e-20,2.3510413e-18,6.3106475e-20,0.055555556,0.055555556,6.7738135e-23,9.280183e-20,0.055555556,1.7314686e-24,0.055555556,1.164169e-19,0.055555556,0.055555556,0.055555556,1.9040837e-18
Susceptible,0.04347826,0.04347826,0.04347826,0.04347826,0.04347826,0.04347826,0.04347826,0.04347826,0.04347826,0.04347826,0.04347826,0.04347826,0.04347826,1.6345031e-11,0.04347826,0.04347826,0.04347826,2.5582553e-11,0.04347826,0.04347826,0.04347826,0.04347826,0.04347826,0.04347826,0.04347826,2.0516686e-10
Susceptible,0.04761905,0.04761905,0.04761905,0.04761905,0.04761905,0.04761905,0.04761905,0.04761905,0.04761905,0.04761905,0.04761905,3.0425562e-12,0.04761905,4.5076065e-12,0.04761905,0.04761905,0.04761905,8.202627e-12,0.04761905,0.04761905,0.04761905,7.286278e-12,0.04761905,0.04761905,0.04761905,9.161611e-11
Susceptible,0.04761905,0.04761905,0.04761905,0.04761905,0.04761905,0.04761905,0.04761905,0.04761905,0.04761905,0.04761905,0.04761905,0.04761905,3.1710162e-14,1.8369515e-15,0.04761905,0.04761905,0.04761905,2.5733496e-15,0.04761905,0.04761905,0.04761905,0.04761905,0.04761905,0.04761905,1.1538592e-13,2.6249717e-14
Susceptible,0.04761905,0.04761905,0.04761905,0.04761905,0.04761905,0.04761905,0.04761905,0.04761905,0.04761905,0.04761905,0.04761905,0.04761905,3.6235332e-19,7.202456e-21,0.04761905,0.04761905,0.04761905,9.848722e-21,0.04761905,0.04761905,0.04761905,1.4911672e-20,0.04761905,0.04761905,0.04761905,3.116801e-19
Susceptible,0.05263158,0.05263158,0.05263158,0.05263158,0.05263158,0.05263158,7.6888185e-17,0.05263158,2.736289e-16,0.05263158,0.05263158,3.1054836e-18,0.05263158,4.790037e-18,0.05263158,0.05263158,0.05263158,1.8025285e-17,0.05263158,0.05263158,0.05263158,1.2868878e-17,0.05263158,0.05263158,0.05263158,5.6241474e-16
Susceptible,0.06666667,0.06666667,0.06666667,0.06666667,0.06666667,0.06666667,0.06666667,0.06666667,0.06666667,5.400141e-20,0.06666667,1.4980386e-20,2.40192e-18,7.523166e-20,0.06666667,8.3934074e-19,3.069377e-23,1.04732103e-19,1.5599332e-18,0.06666667,0.06666667,1.759488e-19,2.455148e-19,0.06666667,0.06666667,1.4369024e-18
Susceptible,0.04761905,0.04761905,0.04761905,0.04761905,0.04761905,5.731115e-14,0.04761905,0.04761905,0.04761905,0.04761905,0.04761905,0.04761905,2.0436644e-13,2.3413873e-14,0.04761905,0.04761905,0.04761905,1.9400715e-14,0.04761905,0.04761905,0.04761905,0.04761905,0.04761905,0.04761905,0.04761905,1.434115e-13
Susceptible,0.05882353,1.4069285e-21,0.05882353,0.05882353,0.05882353,0.05882353,0.05882353,0.05882353,0.05882353,0.05882353,0.05882353,3.4394735e-21,4.550956e-19,1.3798114e-20,0.05882353,0.05882353,1.6675136e-23,1.6321225e-20,0.05882353,5.788305e-25,0.05882353,2.4543906e-20,0.05882353,0.05882353,0.05882353,2.8553561e-19
Susceptible,0.045454547,0.045454547,0.045454547,0.045454547,0.045454547,0.045454547,0.045454547,0.045454547,0.045454547,0.045454547,0.045454547,0.045454547,2.1991413e-13,1.9046644e-14,0.045454547,0.045454547,0.045454547,1.9543076e-14,0.045454547,0.045454547,0.045454547,0.045454547,0.045454547,0.045454547,0.045454547,1.735839e-13
Susceptible,0.05263158,0.05263158,0.05263158,0.05263158,0.05263158,0.05263158,0.05263158,0.05263158,0.05263158,0.05263158,0.05263158,8.217449e-12,1.13302596e-10,1.4233728e-11,0.05263158,0.05263158,2.2626806e-13,2.120617e-11,0.05263158,0.05263158,0.05263158,2.1665711e-11,0.05263158,0.05263158,0.05263158,1.3427995e-10
Susceptible,0.045454547,0.045454547,0.045454547,0.045454547,0.045454547,0.045454547,0.045454547,0.045454547,0.045454547,0.045454547,0.045454547,0.045454547,0.045454547,4.0497167e-14,0.045454547,0.045454547,0.045454547,5.4578944e-14,0.045454547,0.045454547,0.045454547,0.045454547,0.045454547,2.9868103e-13,0.045454547,4.696027e-13
Susceptible,0.05,1.836312e-25,0.05,0.05,0.05,1.4397895e-23,7.181928e-23,0.05,0.05,0.05,0.05,0.05,0.05,3.0343783e-24,0.05,0.05,0.05,3.360455e-24,0.05,0.05,0.05,0.05,0.05,0.05,0.05,1.0732275e-22
Susceptible,0.05,0.05,0.05,0.05,0.05,3.7492426e-10,0.05,0.05,0.05,0.05,0.05,9.464015e-11,0.05,1.6986317e-10,0.05,0.05,0.05,2.2280913e-10,0.05,0.05,0.05,2.0796753e-10,0.05,0.05,0.05,1.4888795e-09
Susceptible,0.04347826,0.04347826,0.04347826,0.04347826,0.04347826,0.04347826,0.04347826,0.04347826,0.04347826,0.04347826,0.04347826,0.04347826,0.04347826,4.46808e-13,0.04347826,0.04347826,0.04347826,5.955018e-13,0.04347826,0.04347826,0.04347826,0.04347826,0.04347826,0.04347826,0.04347826,5.446611e-12
Susceptible,0.05,0.05,0.05,0.05,1.8634783e-12,0.05,0.05,0.05,0.05,0.05,0.05,0.05,0.05,1.4466657e-12,0.05,0.05,0.05,2.0467631e-12,0.05,0.05,0.05,2.7249383e-12,0.05,4.905923e-12,0.05,1.1981739e-11
Susceptible,0.045454547,0.045454547,0.045454547,0.045454547,0.045454547,0.045454547,0.045454547,0.045454547,0.045454547,0.045454547,0.045454547,0.045454547,0.045454547,3.9142756e-16,0.045454547,0.045454547,0.045454547,4.4230028e-16,4.927052e-15,0.045454547,0.045454547,0.045454547,0.045454547,0.045454547,0.045454547,5.376781e-15
Susceptible,0.05882353,5.049042e-22,0.05882353,0.05882353,0.05882353,0.05882353,0.05882353,0.05882353,0.05882353,0.05882353,0.05882353,1.2032767e-21,1.6837976e-19,5.42993e-21,7.9296125e-20,0.05882353,8.0036565e-24,4.5578314e-21,0.05882353,0.05882353,0.05882353,1.0254788e-20,0.05882353,0.05882353,0.05882353,9.407887e-20
Susceptible,0.05,0.05,0.05,0.05,0.05,0.05,0.05,0.05,0.05,0.05,0.05,0.05,3.7822153e-30,6.625614e-33,1.1749161e-30,0.05,0.05,1.22419075e-32,0.05,0.05,0.05,0.05,0.05,0.05,7.785632e-29,2.4777138e-30
Susceptible,0.052612767,0.052612767,0.052612767,0.052612767,0.052612767,0.052612767,0.052612767,2.7970847e-05,0.052612767,0.052612767,0.052612767,0.052612767,8.912656e-05,4.7212445e-05,0.052612767,0.052612767,0.052612767,4.5064848e-05,0.052612767,4.337162e-06,0.052612767,4.9217775e-05,0.052612767,0.052612767,0.052612767,9.456935e-05
Susceptible,0.04761905,0.04761905,0.04761905,0.04761905,0.04761905,0.04761905,0.04761905,0.04761905,0.04761905,0.04761905,0.04761905,0.04761905,1.5250706e-17,5.8084416e-19,8.341251e-18,0.04761905,0.04761905,5.6700377e-19,0.04761905,0.04761905,0.04761905,0.04761905,0.04761905,0.04761905,0.04761905,1.0704904e-17
Susceptible,0.04761905,0.04761905,0.04761905,0.04761905,0.04761905,0.04761905,0.04761905,0.04761905,0.04761905,0.04761905,0.04761905,0.04761905,2.6963466e-20,3.9201651e-22,0.04761905,0.04761905,0.04761905,6.225575e-22,0.04761905,0.04761905,0.04761905,0.04761905,0.04761905,8.565732e-21,0.04761905,1.7721293e-20
Susceptible,0.045454547,0.045454547,0.045454547,0.045454547,0.045454547,0.045454547,0.045454547,0.045454547,0.045454547,0.045454547,3.9068614e-16,0.045454547,0.045454547,9.6554894e-17,0.045454547,0.045454547,0.045454547,8.979193e-17,0.045454547,0.045454547,0.045454547,0.045454547,0.045454547,0.045454547,0.045454547,1.0069718e-15
Susceptible,0.05882353,1.3304829e-15,0.05882353,0.05882353,0.05882353,0.05882353,0.05882353,0.05882353,0.05882353,0.05882353,0.05882353,2.0557655e-15,5.164245e-14,7.467082e-15,0.05882353,0.05882353,1.3673542e-16,5.1818253e-15,0.05882353,4.3401392e-17,0.05882353,9.249608e-15,0.05882353,0.05882353,0.05882353,2.3990057e-14
Susceptible,0.055555556,0.055555556,0.055555556,0.055555556,0.055555556,7.654656e-15,0.055555556,0.055555556,0.055555556,0.055555556,0.055555556,1.121817e-15,4.6225163e-14,3.1823898e-15,0.055555556,0.055555556,9.3555476e-18,4.7379855e-15,0.055555556,0.055555556,0.055555556,5.50492e-15,0.055555556,0.055555556,0.055555556,5.1474148e-14
Susceptible,0.045454547,0.045454547,0.045454547,0.045454547,0.045454547,0.045454547,0.045454547,0.045454547,0.045454547,0.045454547,0.045454547,0.045454547,2.1991413e-13,1.9046644e-14,0.045454547,0.045454547,0.045454547,1.9543076e-14,0.045454547,0.045454547,0.045454547,0.045454547,0.045454547,0.045454547,0.045454547,1.735839e-13
Susceptible,0.055555556,0.055555556,0.055555556,0.055555556,1.605623e-12,0.055555556,0.055555556,0.055555556,0.055555556,0.055555556,0.055555556,7.788254e-13,1.2501963e-11,1.2630666e-12,0.055555556,0.055555556,1.6812332e-14,2.3736948e-12,0.055555556,0.055555556,0.055555556,2.0862613e-12,0.055555556,0.055555556,0.055555556,1.4496475e-11
Susceptible,0.05882353,0.05882353,0.05882353,0.05882353,7.476377e-14,0.05882353,0.05882353,0.05882353,0.05882353,0.05882353,0.05882353,2.980064e-14,7.065236e-13,6.161441e-14,0.05882353,0.05882353,3.8570368e-16,1.08949464e-13,0.05882353,0.05882353,0.05882353,1.0300284e-13,0.05882353,0.05882353,2.4359319e-12,8.042402e-13
Susceptible,0.05882353,2.794895e-22,0.05882353,0.05882353,0.05882353,0.05882353,0.05882353,0.05882353,0.05882353,0.05882353,0.05882353,7.6524314e-22,1.3191498e-19,2.7001166e-21,0.05882353,0.05882353,1.6446942e-24,4.420838e-21,0.05882353,3.2763064e-26,0.05882353,5.3569133e-21,0.05882353,0.05882353,0.05882353,1.0968138e-19
Susceptible,0.05,0.05,0.05,0.05,0.05,0.05,0.05,0.05,0.05,0.05,0.05,9.844399e-11,0.05,1.3904636e-10,0.05,0.05,0.05,2.6876218e-10,0.05,0.05,0.05,2.1375993e-10,2.4348257e-10,0.05,0.05,2.7215923e-09
Susceptible,0.045454547,0.045454547,0.045454547,0.045454547,0.045454547,0.045454547,0.045454547,0.045454547,0.045454547,0.045454547,0.045454547,0.045454547,5.462499e-21,9.8830754e-23,0.045454547,0.045454547,0.045454547,1.0013163e-22,0.045454547,0.045454547,0.045454547,0.045454547,0.045454547,0.045454547,0.045454547,3.0790536e-21
Susceptible,0.0625,0.0625,0.0625,0.0625,0.0625,0.0625,0.0625,0.0625,0.0625,7.703488e-16,0.0625,2.4327546e-16,1.22497625e-14,7.0425247e-16,6.065576e-15,0.0625,2.184935e-18,1.0520647e-15,0.0625,0.0625,1.0791007e-15,1.2583426e-15,0.0625,0.0625,0.0625,9.61075e-15
Susceptible,0.05,0.05,0.05,0.05,0.05,0.05,1.2446508e-13,0.05,0.05,0.05,0.05,0.05,2.2248518e-13,1.970319e-14,0.05,0.05,0.05,2.137236e-14,0.05,0.05,0.05,0.05,0.05,0.05,6.8025235e-13,1.3733189e-13
Susceptible,0.04347826,0.04347826,0.04347826,0.04347826,0.04347826,0.04347826,0.04347826,0.04347826,0.04347826,0.04347826,0.04347826,0.04347826,0.04347826,3.551461e-18,0.04347826,0.04347826,0.04347826,5.6070467e-18,0.04347826,0.04347826,0.04347826,0.04347826,0.04347826,0.04347826,0.04347826,1.3238192e-16
Susceptible,0.05263158,0.05263158,0.05263158,0.05263158,0.05263158,0.05263158,0.05263158,0.05263158,0.05263158,0.05263158,0.05263158,7.51437e-11,8.0912305e-10,1.1442932e-10,0.05263158,0.05263158,2.9137985e-12,1.7663022e-10,0.05263158,0.05263158,0.05263158,1.726805e-10,0.05263158,0.05263158,0.05263158,9.451311e-10
Susceptible,0.04761905,0.04761905,0.04761905,0.04761905,0.04761905,0.04761905,0.04761905,0.04761905,0.04761905,0.04761905,0.04761905,0.04761905,3.1710162e-14,1.8369515e-15,0.04761905,0.04761905,0.04761905,2.5733496e-15,0.04761905,0.04761905,0.04761905,0.04761905,0.04761905,0.04761905,1.1538592e-13,2.6249717e-14
Susceptible,0.07692308,0.07692308,0.07692308,0.07692308,0.07692308,4.0532677e-17,3.2768827e-16,2.0941619e-17,0.07692308,2.120772e-17,1.6977497e-16,1.0319664e-17,5.9668304e-16,4.733691e-17,2.9560047e-16,0.07692308,2.9861479e-19,4.6144138e-17,0.07692308,0.07692308,0.07692308,9.999e-17,0.07692308,0.07692308,0.07692308,2.7598859e-16
Susceptible,0.05882353,0.05882353,0.05882353,0.05882353,0.05882353,0.05882353,0.05882353,0.05882353,1.6022502e-23,0.05882353,0.05882353,5.6638007e-26,3.0068222e-23,1.8335917e-25,0.05882353,0.05882353,2.0491233e-29,4.9755183e-25,0.05882353,6.821671e-32,0.05882353,4.9716667e-25,0.05882353,0.05882353,0.05882353,2.979965e-23
Susceptible,0.06666667,0.06666667,0.06666667,0.06666667,0.06666667,7.118117e-28,0.06666667,0.06666667,0.06666667,0.06666667,0.06666667,1.6977837e-29,2.543706e-26,7.813455e-29,7.235513e-27,8.508979e-27,1.5271317e-33,3.0755573e-28,0.06666667,0.06666667,0.06666667,2.8587081e-28,0.06666667,2.9952621e-27,0.06666667,2.8510333e-26
Susceptible,0.055555556,0.055555556,0.055555556,0.055555556,0.055555556,0.055555556,0.055555556,0.055555556,0.055555556,0.055555556,0.055555556,6.3373107e-18,3.9251552e-16,1.7042276e-17,0.055555556,2.0375637e-16,4.358254e-20,2.1404281e-17,0.055555556,0.055555556,0.055555556,3.3851265e-17,0.055555556,0.055555556,0.055555556,3.098628e-16
Susceptible,0.0625,7.813656e-28,0.0625,0.0625,0.0625,8.106968e-26,0.0625,0.0625,0.0625,0.0625,0.0625,2.3830043e-27,1.7268455e-24,1.9479597e-26,0.0625,0.0625,2.434687e-30,2.8557094e-26,0.0625,6.0369916e-32,0.0625,4.3585585e-26,0.0625,0.0625,0.0625,8.770979e-25
Susceptible,0.0625,0.0625,0.0625,0.0625,0.0625,4.7377712e-15,1.0746605e-14,0.0625,0.0625,0.0625,0.0625,6.7588443e-16,3.027153e-14,1.3950624e-15,1.6334129e-14,0.0625,4.3490266e-18,3.8281823e-15,0.0625,0.0625,0.0625,2.8767841e-15,0.0625,0.0625,0.0625,4.2211673e-14
Susceptible,0.04761905,0.04761905,0.04761905,0.04761905,0.04761905,3.2667184e-25,0.04761905,0.04761905,0.04761905,0.04761905,0.04761905,0.04761905,0.04761905,5.1048194e-26,0.04761905,0.04761905,5.4049328e-30,8.3717876e-26,0.04761905,0.04761905,0.04761905,0.04761905,0.04761905,0.04761905,0.04761905,6.200446e-24
Susceptible,0.055555556,0.055555556,0.055555556,0.055555556,0.055555556,0.055555556,0.055555556,0.055555556,0.055555556,0.055555556,0.055555556,4.9500403e-18,3.1656067e-16,1.3216306e-17,0.055555556,0.055555556,3.571148e-20,1.967144e-17,0.055555556,1.5408192e-21,0.055555556,2.3452291e-17,0.055555556,0.055555556,0.055555556,2.594102e-16
Susceptible,0.04761905,0.04761905,0.04761905,0.04761905,0.04761905,0.04761905,0.04761905,0.04761905,0.04761905,0.04761905,0.04761905,3.0425562e-12,0.04761905,4.5076065e-12,0.04761905,0.04761905,0.04761905,8.202627e-12,0.04761905,0.04761905,0.04761905,7.286278e-12,0.04761905,0.04761905,0.04761905,9.161611e-11
Susceptible,0.05263158,0.05263158,0.05263158,0.05263158,0.05263158,7.97204e-20,1.9834753e-19,0.05263158,0.05263158,0.05263158,0.05263158,0.05263158,7.343799e-19,1.1893261e-20,3.355074e-19,0.05263158,0.05263158,2.9430828e-20,0.05263158,0.05263158,0.05263158,0.05263158,0.05263158,0.05263158,0.05263158,8.585836e-19
Susceptible,0.055555556,0.055555556,0.055555556,0.055555556,0.055555556,0.055555556,0.055555556,0.055555556,0.055555556,0.055555556,0.055555556,1.9616409e-20,2.3510413e-18,6.3106475e-20,0.055555556,0.055555556,6.7738135e-23,9.280183e-20,0.055555556,1.7314686e-24,0.055555556,1.164169e-19,0.055555556,0.055555556,0.055555556,1.9040837e-18
Susceptible,0.05882353,0.05882353,0.05882353,0.05882353,0.05882353,1.9826672e-15,0.05882353,0.05882353,0.05882353,9.19888e-16,0.05882353,2.6954616e-16,1.3647709e-14,8.6218256e-16,0.05882353,0.05882353,2.7817009e-18,1.3188254e-15,0.05882353,0.05882353,0.05882353,1.455997e-15,0.05882353,0.05882353,0.05882353,1.1061087e-14
Susceptible,0.05,0.05,0.05,0.05,0.05,2.3799589e-12,0.05,0.05,0.05,0.05,0.05,3.893039e-13,0.05,6.8850204e-13,0.05,0.05,0.05,1.1904216e-12,0.05,0.05,0.05,1.0746135e-12,0.05,0.05,0.05,1.3015684e-11
Susceptible,0.045454547,0.045454547,0.045454547,0.045454547,0.045454547,0.045454547,0.045454547,0.045454547,0.045454547,0.045454547,0.045454547,0.045454547,0.045454547,4.0497167e-14,0.045454547,0.045454547,0.045454547,5.4578944e-14,0.045454547,0.045454547,0.045454547,0.045454547,0.045454547,2.9868103e-13,0.045454547,4.696027e-13
Susceptible,0.055555556,0.055555556,0.055555556,0.055555556,0.055555556,0.055555556,0.055555556,0.055555556,0.055555556,0.055555556,0.055555556,1.9616409e-20,2.3510413e-18,6.3106475e-20,0.055555556,0.055555556,6.7738135e-23,9.280183e-20,0.055555556,1.7314686e-24,0.055555556,1.164169e-19,0.055555556,0.055555556,0.055555556,1.9040837e-18
Susceptible,0.045454547,0.045454547,0.045454547,0.045454547,0.045454547,0.045454547,0.045454547,0.045454547,0.045454547,0.045454547,0.045454547,0.045454547,0.045454547,4.0497167e-14,0.045454547,0.045454547,0.045454547,5.4578944e-14,0.045454547,0.045454547,0.045454547,0.045454547,0.045454547,2.9868103e-13,0.045454547,4.696027e-13
Susceptible,0.05263158,0.05263158,0.05263158,0.05263158,0.05263158,0.05263158,0.05263158,0.05263158,0.05263158,0.05263158,0.05263158,7.0208518e-12,9.882164e-11,1.2110969e-11,0.05263158,0.05263158,1.856469e-13,1.8385942e-11,0.05263158,0.05263158,0.05263158,1.8576538e-11,0.05263158,0.05263158,0.05263158,1.181757e-10
Susceptible,0.05263158,0.05263158,0.05263158,0.05263158,0.05263158,0.05263158,0.05263158,0.05263158,0.05263158,0.05263158,0.05263158,8.217449e-12,1.13302596e-10,1.4233728e-11,0.05263158,0.05263158,2.2626806e-13,2.120617e-11,0.05263158,0.05263158,0.05263158,2.1665711e-11,0.05263158,0.05263158,0.05263158,1.3427995e-10
Susceptible,0.055555556,0.055555556,0.055555556,0.055555556,0.055555556,7.151988e-21,0.055555556,0.055555556,0.055555556,0.055555556,0.055555556,4.382858e-22,8.637552e-20,1.6797238e-21,0.055555556,0.055555556,7.2727803e-25,3.1959327e-21,0.055555556,0.055555556,0.055555556,3.5309012e-21,0.055555556,0.055555556,0.055555556,8.144527e-20
Susceptible,0.055555556,0.055555556,0.055555556,0.055555556,0.055555556,7.6411153e-31,0.055555556,2.4135155e-33,0.055555556,0.055555556,0.055555556,7.927874e-33,0.055555556,4.0453195e-32,8.278646e-30,0.055555556,0.055555556,1.2846587e-31,0.055555556,0.055555556,0.055555556,1.7820894e-31,0.055555556,0.055555556,0.055555556,3.7563446e-29
Susceptible,0.055555556,0.055555556,0.055555556,0.055555556,0.055555556,0.055555556,0.055555556,0.055555556,0.055555556,0.055555556,0.055555556,1.1335571e-14,3.4611027e-13,2.045447e-14,0.055555556,2.1724316e-13,1.1200462e-16,4.2900277e-14,0.055555556,0.055555556,0.055555556,3.8843017e-14,0.055555556,0.055555556,0.055555556,4.1950658e-13
Susceptible,0.055555556,0.055555556,0.055555556,0.055555556,0.055555556,0.055555556,0.055555556,0.055555556,0.055555556,0.055555556,0.055555556,1.1690072e-25,6.2001343e-23,4.36653e-25,0.055555556,0.055555556,4.040961e-29,1.0561387e-24,0.055555556,2.3303374e-31,0.055555556,1.1052459e-24,0.055555556,0.055555556,0.055555556,6.202689e-23
Susceptible,0.05,0.05,0.05,0.05,0.05,0.05,0.05,0.05,7.170522e-13,0.05,0.05,2.159585e-14,0.05,2.7771806e-14,0.05,0.05,0.05,8.0471586e-14,0.05,0.05,0.05,5.6317696e-14,0.05,0.05,0.05,1.3301456e-12
Susceptible,0.05,1.2724061e-28,0.05,0.05,0.05,0.05,0.05,0.05,0.05,0.05,6.426101e-26,0.05,0.05,2.480848e-27,0.05,0.05,0.05,6.80302e-27,0.05,0.05,0.05,9.2928454e-27,0.05,0.05,0.05,7.493328e-25
Susceptible,0.055555556,0.055555556,0.055555556,0.055555556,0.055555556,7.654656e-15,0.055555556,0.055555556,0.055555556,0.055555556,0.055555556,1.121817e-15,4.6225163e-14,3.1823898e-15,0.055555556,0.055555556,9.3555476e-18,4.7379855e-15,0.055555556,0.055555556,0.055555556,5.50492e-15,0.055555556,0.055555556,0.055555556,5.1474148e-14
Susceptible,0.045454547,0.045454547,0.045454547,0.045454547,0.045454547,0.045454547,0.045454547,0.045454547,0.045454547,0.045454547,0.045454547,0.045454547,0.045454547,2.4939895e-20,0.045454547,0.045454547,4.241005e-23,2.4991892e-20,0.045454547,0.045454547,0.045454547,0.045454547,0.045454547,0.045454547,0.045454547,4.778132e-19
Susceptible,0.05263158,0.05263158,0.05263158,0.05263158,0.05263158,0.05263158,0.05263158,0.05263158,0.05263158,0.05263158,0.05263158,8.217449e-12,1.13302596e-10,1.4233728e-11,0.05263158,0.05263158,2.2626806e-13,2.120617e-11,0.05263158,0.05263158,0.05263158,2.1665711e-11,0.05263158,0.05263158,0.05263158,1.3427995e-10
Susceptible,0.04761905,2.1443269e-19,0.04761905,0.04761905,0.04761905,0.04761905,0.04761905,0.04761905,0.04761905,0.04761905,0.04761905,0.04761905,0.04761905,1.5238312e-18,0.04761905,0.04761905,0.04761905,2.2882223e-18,0.04761905,0.04761905,0.04761905,3.3620417e-18,0.04761905,0.04761905,0.04761905,4.0735856e-17
Susceptible,0.041666668,0.041666668,0.041666668,0.041666668,0.041666668,0.041666668,0.041666668,0.041666668,0.041666668,0.041666668,0.041666668,0.041666668,0.041666668,1.2944627e-15,0.041666668,0.041666668,0.041666668,0.041666668,0.041666668,0.041666668,0.041666668,0.041666668,0.041666668,0.041666668,0.041666668,1.7921218e-14
Susceptible,0.05,0.05,0.05,0.05,0.05,0.05,0.05,0.05,0.05,0.05,0.05,7.7674e-11,0.05,1.2376951e-10,0.05,0.05,0.05,1.5512927e-10,0.05,0.05,0.05,1.7820836e-10,0.05,5.218888e-10,0.05,1.1725265e-09
Susceptible,0.04761905,0.04761905,0.04761905,0.04761905,0.04761905,0.04761905,0.04761905,0.04761905,0.04761905,0.04761905,0.04761905,0.04761905,1.5846466e-13,1.8034095e-14,1.08328074e-13,0.04761905,0.04761905,1.2926201e-14,0.04761905,0.04761905,0.04761905,0.04761905,0.04761905,0.04761905,0.04761905,1.0224614e-13
Susceptible,0.05882353,0.05882353,0.05882353,0.05882353,0.05882353,0.05882353,0.05882353,0.05882353,0.05882353,0.05882353,0.05882353,8.577791e-18,5.246705e-16,2.5160035e-17,2.787174e-16,2.6859055e-16,6.651548e-20,3.1110362e-17,0.05882353,0.05882353,0.05882353,4.9298932e-17,0.05882353,0.05882353,0.05882353,3.9126982e-16
Susceptible,0.05,0.05,0.05,0.05,0.05,0.05,0.05,0.05,0.05,0.05,0.05,1.6108044e-14,5.362939e-13,2.6666044e-14,0.05,0.05,0.05,5.0949977e-14,0.05,0.05,0.05,4.6341843e-14,0.05,0.05,0.05,7.421685e-13
Susceptible,0.04761905,0.04761905,0.04761905,0.04761905,0.04761905,8.836808e-18,0.04761905,0.04761905,0.04761905,0.04761905,1.3969712e-17,0.04761905,0.04761905,2.3230954e-18,0.04761905,0.04761905,0.04761905,3.1554318e-18,0.04761905,0.04761905,0.04761905,0.04761905,0.04761905,0.04761905,0.04761905,4.7068218e-17
Susceptible,0.04761905,0.04761905,0.04761905,0.04761905,0.04761905,0.04761905,0.04761905,0.04761905,0.04761905,0.04761905,0.04761905,3.0425562e-12,0.04761905,4.5076065e-12,0.04761905,0.04761905,0.04761905,8.202627e-12,0.04761905,0.04761905,0.04761905,7.286278e-12,0.04761905,0.04761905,0.04761905,9.161611e-11
Susceptible,0.055555556,0.055555556,0.055555556,0.055555556,0.055555556,0.055555556,0.055555556,0.055555556,0.055555556,0.055555556,0.055555556,1.9616409e-20,2.3510413e-18,6.3106475e-20,0.055555556,0.055555556,6.7738135e-23,9.280183e-20,0.055555556,1.7314686e-24,0.055555556,1.164169e-19,0.055555556,0.055555556,0.055555556,1.9040837e-18
Resistant,0.055552606,0.055552606,0.055552606,0.055552606,0.055552606,0.055552606,6.7793935e-06,0.055552606,0.055552606,0.055552606,0.055552606,0.055552606,9.901404e-06,3.265912e-06,0.055552606,0.055552606,4.995911e-07,5.064725e-06,0.055552606,0.055552606,4.018045e-06,0.055552606,0.055552606,0.055552606,1.4011962e-05,9.543352e-06
Resistant,3.6352861e-37,3.6352861e-37,3.6352861e-37,2.293789e-13,4.0979417e-14,4.9238036e-16,3.3276257e-15,3.6352861e-37,3.6352861e-37,3.6352861e-37,3.6352861e-37,4.150963e-14,1.1133353e-16,3.6311587e-13,3.6352861e-37,3.6352861e-37,1.5172622e-09,1.1193666e-14,3.6352861e-37,1.0,3.6352861e-37,7.608652e-14,3.773473e-14,3.6352861e-37,3.6352861e-37,6.7640345e-18
Resistant,6.35762e-14,6.35762e-14,6.35762e-14,6.35762e-14,6.35762e-14,6.35762e-14,6.35762e-14,6.35762e-14,7.799664e-05,6.35762e-14,6.35762e-14,0.0028653904,6.35762e-14,0.0040957234,6.35762e-14,6.35762e-14,0.9923792,0.0005467817,6.35762e-14,6.35762e-14,6.35762e-14,6.35762e-14,6.35762e-14,6.35762e-14,6.35762e-14,3.4853394e-05
Resistant,0.0,3.0793092e-17,0.0,0.0,0.0,4.731207e-22,1.8307908e-22,0.0,0.0,3.063509e-21,2.8741358e-22,5.065697e-19,2.8230831e-24,6.108113e-19,0.0,0.0,1.7355783e-10,1.4937593e-20,0.0,1.0,0.0,5.9406115e-20,0.0,1.0390501e-23,2.3526072e-26,1.4066031e-25
Resistant,7.4725125e-24,7.4725125e-24,7.4725125e-24,7.4725125e-24,7.4725125e-24,5.4922555e-10,7.4725125e-24,7.4725125e-24,7.4725125e-24,7.4725125e-24,7.4725125e-24,9.810039e-09,1.6901139e-10,2.9997683e-08,7.4725125e-24,7.4725125e-24,9.707606e-06,2.1948017e-09,7.4725125e-24,0.9999902,7.4725125e-24,8.981205e-09,6.1299557e-09,7.4725125e-24,3.1348694e-11,3.3735036e-11
Resistant,5.1520373e-20,5.1520373e-20,5.1520373e-20,5.1520373e-20,0.00048499848,4.4396227e-05,7.140436e-05,5.1520373e-20,5.1520373e-20,5.1520373e-20,9.4392475e-05,0.0005820592,8.998746e-06,0.0018710567,5.1520373e-20,5.1520373e-20,0.9958677,0.00026889195,5.1520373e-20,5.1520373e-20,5.1520373e-20,0.00070338417,5.1520373e-20,5.1520373e-20,1.3463824e-06,1.4324513e-06
Resistant,1.0004023e-23,1.0004023e-23,1.0004023e-23,1.0004023e-23,1.0004023e-23,6.157686e-08,1.0004023e-23,8.074089e-06,1.0004023e-23,1.0004023e-23,1.0004023e-23,1.0775632e-06,1.5681305e-08,1.4270491e-06,1.0004023e-23,1.0004023e-23,0.00016948715,3.2591032e-07,1.0004023e-23,0.99981886,1.0004023e-23,4.661136e-07,2.6891516e-07,1.6810048e-08,1.0004023e-23,1.3485579e-08
Resistant,5.2928346e-19,5.2928346e-19,5.2928346e-19,5.2928346e-19,5.2928346e-19,5.2928346e-19,5.2928346e-19,5.2928346e-19,5.2928346e-19,5.2928346e-19,5.2928346e-19,5.2928346e-19,1.3791094e-09,1.8923843e-07,5.2928346e-19,5.2928346e-19,0.00010572613,4.4550816e-09,5.2928346e-19,0.999894,5.2928346e-19,5.624561e-08,5.2928346e-19,5.2928346e-19,5.2928346e-19,1.1577409e-10
Resistant,2.7370608e-12,2.7370608e-12,2.7370608e-12,2.7370608e-12,2.7370608e-12,0.0010438355,2.7370608e-12,2.7370608e-12,2.7370608e-12,0.0017440956,2.7370608e-12,0.006455897,0.00040908775,0.009268605,0.00083205313,2.7370608e-12,0.9679968,0.002191825,2.7370608e-12,2.7370608e-12,0.0054986887,0.0043949042,2.7370608e-12,2.7370608e-12,2.7370608e-12,0.00016426433
Resistant,7.0492925e-26,7.0492925e-26,7.0492925e-26,7.0492925e-26,7.0492925e-26,7.0492925e-26,7.0492925e-26,7.0492925e-26,7.0492925e-26,7.0492925e-26,7.0492925e-26,7.0492925e-26,1.4536629e-12,9.97529e-10,7.0492925e-26,7.0492925e-26,5.235087e-06,1.16603255e-11,7.0492925e-26,0.99999475,7.0492925e-26,2.0048346e-10,7.0492925e-26,7.0492925e-26,7.0492925e-26,8.547155e-14
Resistant,1.1310454e-27,1.1310454e-27,1.1310454e-27,1.1310454e-27,1.1310454e-27,7.8146556e-10,1.1310454e-27,3.1390965e-07,1.1310454e-27,1.1310454e-27,8.681042e-10,1.1310454e-27,9.868438e-11,2.9076103e-08,3.531638e-10,1.1310454e-27,0.00013077288,2.2933706e-09,1.1310454e-27,0.99986887,1.1310454e-27,7.187649e-09,1.1310454e-27,1.1310454e-27,1.1310454e-27,3.193758e-11
Resistant,2.1328339e-19,2.1328339e-19,2.1328339e-19,2.1328339e-19,2.1328339e-19,0.0001502727,2.1328339e-19,2.1328339e-19,2.1328339e-19,2.1328339e-19,2.1328339e-19,0.002585184,4.4331144e-05,0.0053449557,2.1328339e-19,2.1328339e-19,0.9880817,0.00082022283,2.1328339e-19,2.1328339e-19,2.1328339e-19,0.0018086296,0.0011465298,2.1328339e-19,2.1328339e-19,1.8147093e-05
Resistant,1.0420761e-20,1.0420761e-20,1.0420761e-20,1.0420761e-20,1.0420761e-20,4.7069978e-05,1.0420761e-20,1.0420761e-20,1.0420761e-20,1.0420761e-20,1.0420761e-20,0.0011184633,1.360197e-05,0.0032686521,1.0420761e-20,1.0420761e-20,0.99373275,0.0002848163,1.0420761e-20,1.0420761e-20,1.0420761e-20,0.0009365917,0.0005941564,1.0420761e-20,1.0420761e-20,3.850394e-06
Resistant,1.9732848e-19,1.9732848e-19,1.9732848e-19,1.9732848e-19,1.9732848e-19,0.00053785945,0.00012746172,0.0015668322,1.9732848e-19,1.9732848e-19,0.00043928626,0.004061481,0.00012598204,0.0010614262,1.9732848e-19,1.9732848e-19,0.016558653,0.0033934165,1.9732848e-19,0.9704123,1.9732848e-19,0.0007861265,0.00039735745,1.9732848e-19,3.3045402e-05,0.0004987155
Resistant,0.0,0.0,0.0,2.1844185e-14,0.0,3.200827e-17,4.5515835e-17,0.0,0.0,0.0,4.8947738e-17,8.7921105e-15,1.3195273e-18,2.2283353e-14,9.717979e-18,0.0,1.8801206e-08,3.5618985e-16,0.0,1.0,0.0,2.2089277e-15,0.0,0.0,0.0,1.401979e-19
Resistant,5.821503e-21,5.821503e-21,5.821503e-21,5.821503e-21,5.821503e-21,5.821503e-21,5.821503e-21,7.632339e-06,5.821503e-21,5.821503e-21,5.821503e-21,5.821503e-21,5.5484173e-09,6.962959e-07,5.821503e-21,8.795284e-09,5.821503e-21,3.0736114e-08,5.821503e-21,0.99999154,5.821503e-21,1.7273761e-07,5.821503e-21,5.821503e-21,5.821503e-21,1.1358905e-09
Resistant,1.2380556e-11,1.2380556e-11,1.2380556e-11,1.2380556e-11,1.2380556e-11,1.2380556e-11,1.2380556e-11,1.2380556e-11,1.2380556e-11,1.2380556e-11,1.2380556e-11,1.2380556e-11,1.2380556e-11,0.010058112,1.2380556e-11,1.2380556e-11,0.98799616,0.001728101,1.2380556e-11,1.2380556e-11,1.2380556e-11,1.2380556e-11,1.2380556e-11,1.2380556e-11,1.2380556e-11,0.00021769364
Resistant,1.5983215e-24,1.5983215e-24,1.5983215e-24,1.5983215e-24,1.5983215e-24,1.0439834e-08,1.5983215e-24,1.5983215e-24,1.5983215e-24,1.5983215e-24,1.5983215e-24,1.0713251e-07,1.9256874e-09,1.7191452e-07,1.5983215e-24,1.5983215e-24,3.5063575e-05,4.697856e-08,1.5983215e-24,0.9999645,1.5983215e-24,7.7884465e-08,1.5983215e-24,1.5983215e-24,3.5038883e-10,7.49547e-10
Resistant,6.199265e-15,6.199265e-15,6.199265e-15,6.199265e-15,6.199265e-15,0.0021113802,6.199265e-15,6.199265e-15,6.199265e-15,6.199265e-15,0.0031170566,0.016835967,0.0008258984,0.02493801,6.199265e-15,6.199265e-15,0.9234125,0.008303768,6.199265e-15,6.199265e-15,6.199265e-15,0.011979249,0.007986432,6.199265e-15,6.199265e-15,0.000489745
Resistant,4.0568397e-25,4.0568397e-25,4.0568397e-25,4.0568397e-25,4.0568397e-25,7.067394e-11,4.0568397e-25,4.0568397e-25,4.0568397e-25,4.0568397e-25,1.3817188e-10,4.0568397e-25,1.7100875e-11,5.7106413e-09,4.0568397e-25,4.0568397e-25,8.002686e-06,2.6409339e-10,4.0568397e-25,0.999992,4.0568397e-25,1.489028e-09,1.0509723e-09,4.0568397e-25,4.0568397e-25,2.2513636e-12
Resistant,1.5522768e-20,1.5522768e-20,1.5522768e-20,0.00015441864,1.5522768e-20,3.82067e-06,7.3258107e-06,0.003445917,1.5522768e-20,1.5522768e-20,1.5522768e-20,1.5522768e-20,1.5522768e-20,0.0002278645,1.5522768e-20,1.5522768e-20,0.9960989,8.033316e-06,1.5522768e-20,1.5522768e-20,1.5522768e-20,5.359271e-05,1.5522768e-20,1.5522768e-20,1.5522768e-20,9.893206e-08
Resistant,3.80599e-16,3.80599e-16,3.80599e-16,3.80599e-16,3.80599e-16,4.3405453e-05,3.80599e-16,3.80599e-16,3.80599e-16,3.80599e-16,3.80599e-16,0.00053661107,1.3634681e-05,0.0024500473,3.80599e-16,3.80599e-16,0.9962023,0.00010056484,3.80599e-16,3.80599e-16,3.80599e-16,0.00065152504,3.80599e-16,3.80599e-16,3.80599e-16,1.9559398e-06
Resistant,2.5126635e-08,2.5126635e-08,2.5126635e-08,2.5126635e-08,2.5126635e-08,9.2268834e-05,2.5126635e-08,2.5126635e-08,2.5126635e-08,2.5126635e-08,2.5126635e-08,2.5126635e-08,6.642725e-05,0.0006777551,2.5126635e-08,2.5126635e-08,0.007927785,0.00011892595,2.5126635e-08,0.99073035,2.5126635e-08,0.0003649397,2.5126635e-08,2.5126635e-08,2.5126635e-08,2.1093017e-05
Resistant,5.356239e-25,5.356239e-25,5.356239e-25,5.356239e-25,5.356239e-25,1.7869503e-10,5.356239e-25,5.356239e-25,5.356239e-25,5.356239e-25,5.356239e-25,5.356239e-25,2.5603802e-11,9.552613e-09,5.356239e-25,5.356239e-25,8.138262e-05,2.7322472e-10,5.356239e-25,0.9999186,5.356239e-25,2.1643483e-09,5.356239e-25,5.356239e-25,5.356239e-25,2.7380507e-12
Resistant,2.3328653e-16,2.3328653e-16,2.3328653e-16,2.3328653e-16,2.3328653e-16,7.931079e-05,2.3328653e-16,2.3328653e-16,2.3328653e-16,2.3328653e-16,2.3328653e-16,2.3328653e-16,2.3328653e-16,0.0012665038,2.3328653e-16,2.3328653e-16,0.9981006,0.00012904634,2.3328653e-16,2.3328653e-16,2.3328653e-16,0.00041930965,2.3328653e-16,2.3328653e-16,2.3328653e-16,5.284505e-06
Resistant,1.7062345e-27,1.7062345e-27,1.7062345e-27,1.7062345e-27,1.7062345e-27,5.5198263e-11,1.0735962e-10,7.436453e-08,1.7062345e-27,1.7062345e-27,1.7062345e-27,1.7062345e-27,1.1081021e-11,4.5094537e-09,4.4391473e-11,1.7062345e-27,1.0487251e-05,2.0581845e-10,1.7062345e-27,0.9999894,1.7062345e-27,1.139225e-09,1.7062345e-27,1.7062345e-27,1.7450516e-12,1.8057555e-12
Resistant,1.7173619e-21,1.7173619e-21,1.7173619e-21,1.7173619e-21,1.7173619e-21,9.572062e-10,2.3231659e-09,1.7173619e-21,1.7173619e-21,1.7173619e-21,1.7173619e-21,1.7173619e-21,2.7888986e-10,3.834385e-08,1.7173619e-21,1.7173619e-21,2.1114898e-05,2.1797666e-09,1.7173619e-21,0.9999789,1.7173619e-21,1.3921592e-08,1.7173619e-21,1.7173619e-21,5.7887622e-11,2.932556e-11
Resistant,1.284049e-11,4.1926047e-26,4.1926047e-26,4.1926047e-26,4.1926047e-26,1.1102016e-10,2.0919447e-10,4.1926047e-26,4.1926047e-26,4.1926047e-26,4.1926047e-26,4.1926047e-26,2.0398233e-11,5.380316e-09,4.1926047e-26,4.1926047e-26,1.4186574e-05,3.284945e-10,4.1926047e-26,0.9999858,1.5450717e-09,1.9489932e-09,4.1926047e-26,4.1926047e-26,2.5291804e-12,1.9740227e-12
Resistant,0.005922141,1.1026162e-09,1.1026162e-09,1.1026162e-09,1.1026162e-09,1.1026162e-09,1.1026162e-09,0.09489588,1.1026162e-09,1.1026162e-09,1.1026162e-09,0.055356923,0.0069102678,0.042113885,1.1026162e-09,1.1026162e-09,0.73895717,0.023236347,1.1026162e-09,1.1026162e-09,1.1026162e-09,0.025482535,1.1026162e-09,1.1026162e-09,1.1026162e-09,0.0071247425
Resistant,8.118038e-20,8.118038e-20,8.118038e-20,8.118038e-20,8.118038e-20,7.763317e-07,8.118038e-20,8.118038e-20,8.118038e-20,8.118038e-20,8.118038e-20,8.118038e-20,8.118038e-20,9.309254e-06,8.118038e-20,8.118038e-20,0.0010448853,2.8256668e-06,8.118038e-20,0.99893016,4.143543e-06,4.810886e-06,2.9697123e-06,8.118038e-20,8.118038e-20,1.3623922e-07
Resistant,2.356663e-07,2.356663e-07,2.356663e-07,2.356663e-07,2.356663e-07,2.356663e-07,2.356663e-07,2.356663e-07,2.356663e-07,2.356663e-07,2.356663e-07,2.356663e-07,2.356663e-07,0.051004786,2.356663e-07,2.356663e-07,0.9078433,0.009877908,2.356663e-07,2.356663e-07,2.356663e-07,0.028178802,2.356663e-07,2.356663e-07,2.356663e-07,0.0030904338
Resistant,1.6538506e-08,1.6538506e-08,1.6538506e-08,1.6538506e-08,1.6538506e-08,0.0047294907,0.0062003145,0.07112157,1.6538506e-08,1.6538506e-08,1.6538506e-08,0.019304171,0.0026634026,0.02853162,0.004544721,1.6538506e-08,0.83989435,0.0076048733,1.6538506e-08,1.6538506e-08,1.6538506e-08,0.013960849,1.6538506e-08,1.6538506e-08,1.6538506e-08,0.0014445236
Resistant,5.3427486e-34,5.3427486e-34,5.3427486e-34,5.3427486e-34,5.3427486e-34,3.8719882e-12,5.3427486e-34,5.3427486e-34,5.3427486e-34,5.3427486e-34,5.3427486e-34,1.8385901e-10,4.7856077e-13,3.1800604e-10,5.3427486e-34,5.3427486e-34,8.590763e-07,3.70501e-11,5.3427486e-34,0.99999917,5.3427486e-34,7.982903e-11,4.189607e-11,5.3427486e-34,4.2686002e-14,1.4337517e-13
Resistant,9.717371e-36,9.717371e-36,9.717371e-36,9.717371e-36,1.7197989e-12,3.460568e-14,1.2610709e-13,9.717371e-36,9.717371e-36,9.717371e-36,9.717371e-36,2.709631e-12,6.4773092e-15,1.1562189e-11,9.717371e-36,9.717371e-36,3.27551e-08,6.2088426e-13,9.717371e-36,1.0,9.717371e-36,2.3372116e-12,1.2440995e-12,9.717371e-36,9.717371e-36,1.0600168e-15
Resistant,0.0,0.0,0.0,0.0,0.0,8.6346117e-19,5.0322827e-18,0.0,0.0,3.8015236e-18,0.0,0.0,0.0,2.0997644e-15,6.5663107e-19,0.0,1.1744816e-09,1.4678287e-17,0.0,1.0,2.6525377e-16,2.7458987e-16,1.2195919e-16,0.0,0.0,2.6733552e-21
Resistant,2.4614965e-11,2.7034882e-25,2.7034882e-25,2.7034882e-25,2.7034882e-25,2.0098054e-10,3.8372025e-10,2.7034882e-25,2.7034882e-25,2.7034882e-25,2.7034882e-25,2.7034882e-25,3.649615e-11,9.3040695e-09,2.7034882e-25,2.7034882e-25,3.133777e-05,5.181831e-10,2.7034882e-25,0.99996865,2.8968383e-09,3.1505396e-09,2.7034882e-25,2.7034882e-25,2.7034882e-25,4.0234977e-12
Resistant,4.0010304e-28,4.0010304e-28,4.0010304e-28,4.0010304e-28,4.0010304e-28,3.0173306e-14,5.478135e-13,4.0010304e-28,4.0010304e-28,4.0010304e-28,4.0010304e-28,8.4314646e-13,1.9203919e-14,2.2478814e-11,4.0010304e-28,4.0010304e-28,4.2309876e-09,3.1875276e-13,4.0010304e-28,1.0,4.0010304e-28,4.272192e-12,2.5801288e-12,4.0010304e-28,4.0010304e-28,9.322198e-16
Resistant,5.58917e-16,5.58917e-16,5.58917e-16,5.58917e-16,5.58917e-16,5.58917e-16,5.58917e-16,5.58917e-16,5.58917e-16,5.58917e-16,5.58917e-16,5.58917e-16,5.58917e-16,0.0021127462,5.58917e-16,5.58917e-16,0.99645716,0.0003646425,5.58917e-16,5.58917e-16,5.58917e-16,0.00096372596,5.58917e-16,8.308229e-05,5.58917e-16,1.860082e-05
Resistant,7.323963e-29,7.323963e-29,7.323963e-29,7.323963e-29,7.323963e-29,3.159678e-11,7.323963e-29,7.323963e-29,7.323963e-29,7.323963e-29,7.323963e-29,9.675417e-10,6.3331723e-12,2.5642013e-09,7.323963e-29,7.323963e-29,2.564841e-06,2.071315e-10,7.323963e-29,0.9999974,7.323963e-29,6.1062844e-10,3.8809905e-10,7.323963e-29,7.323963e-29,1.6119467e-12
Resistant,0.04347826,0.04347826,0.04347826,0.04347826,0.04347826,0.04347826,0.04347826,0.04347826,0.04347826,0.04347826,0.04347826,0.04347826,0.04347826,4.46808e-13,0.04347826,0.04347826,0.04347826,5.955018e-13,0.04347826,0.04347826,0.04347826,0.04347826,0.04347826,0.04347826,0.04347826,5.446611e-12
Resistant,5.4178945e-10,5.4178945e-10,5.4178945e-10,5.4178945e-10,5.4178945e-10,0.18690215,5.4178945e-10,0.024549685,0.21754266,5.4178945e-10,5.4178945e-10,5.4178945e-10,5.4178945e-10,0.038772427,5.4178945e-10,5.4178945e-10,5.4178945e-10,0.19414742,5.4178945e-10,5.4178945e-10,5.4178945e-10,0.034549166,5.4178945e-10,5.4178945e-10,5.4178945e-10,0.30353653
Resistant,3.80599e-16,3.80599e-16,3.80599e-16,3.80599e-16,3.80599e-16,4.3405453e-05,3.80599e-16,3.80599e-16,3.80599e-16,3.80599e-16,3.80599e-16,0.00053661107,1.3634681e-05,0.0024500473,3.80599e-16,3.80599e-16,0.9962023,0.00010056484,3.80599e-16,3.80599e-16,3.80599e-16,0.00065152504,3.80599e-16,3.80599e-16,3.80599e-16,1.9559398e-06
Resistant,6.1247206e-28,1.5467103e-08,6.1247206e-28,6.1247206e-28,6.1247206e-28,8.18498e-11,1.6999588e-10,6.1247206e-28,6.1247206e-28,6.1247206e-28,6.1247206e-28,2.0639706e-09,1.7868837e-11,5.238842e-09,6.1247206e-28,6.1247206e-28,3.845067e-06,5.563945e-10,6.1247206e-28,0.9999962,6.1247206e-28,1.6550088e-09,9.832083e-10,6.1247206e-28,2.3971866e-12,4.1935097e-12
Resistant,6.954672e-11,6.954672e-11,6.954672e-11,6.954672e-11,6.954672e-11,6.954672e-11,0.0015147981,6.954672e-11,6.954672e-11,6.954672e-11,6.954672e-11,6.954672e-11,0.0002654562,0.009548872,6.954672e-11,6.954672e-11,0.98380244,0.0008018025,6.954672e-11,6.954672e-11,6.954672e-11,0.0040188585,6.954672e-11,6.954672e-11,6.954672e-11,4.7741418e-05
Resistant,2.1708662e-13,2.1708662e-13,2.1708662e-13,2.1708662e-13,2.1708662e-13,0.00015478638,2.1708662e-13,2.1708662e-13,3.3715063e-05,2.1708662e-13,2.1708662e-13,2.1708662e-13,5.9245074e-05,0.0028499034,2.1708662e-13,2.1708662e-13,0.9966484,0.00024159555,2.1708662e-13,2.1708662e-13,2.1708662e-13,2.1708662e-13,2.1708662e-13,2.1708662e-13,2.1708662e-13,1.2475205e-05
Resistant,2.53887e-33,2.53887e-33,2.53887e-33,2.53887e-33,1.0280406e-11,2.9860663e-13,9.243352e-13,2.53887e-33,2.53887e-33,2.53887e-33,2.53887e-33,1.6117671e-11,5.4813298e-14,6.1104906e-11,2.53887e-33,2.53887e-33,1.1496503e-07,3.66727e-12,2.53887e-33,0.9999999,2.53887e-33,1.3485067e-11,7.31564e-12,2.53887e-33,2.53887e-33,1.00207775e-14
Resistant,0.07692298,0.07692298,0.07692298,0.07692298,0.07692298,5.5154068e-08,0.07692298,0.07692298,0.07692298,0.07692298,1.8911963e-07,3.3525517e-08,1.6636864e-07,8.89861e-08,1.4071719e-07,0.07692298,6.861171e-09,7.251048e-08,0.07692298,7.426301e-08,0.07692298,8.7659906e-08,1.0716528e-07,7.416337e-08,0.07692298,1.15587554e-07
Resistant,1.5272e-40,1.5272e-40,1.5272e-40,1.5272e-40,1.5272e-40,4.2198385e-14,5.2185232e-14,2.417954e-10,1.5272e-40,1.5272e-40,1.5272e-40,4.9751496e-12,3.684765e-15,9.3036715e-12,1.5272e-40,1.5272e-40,1.0740802e-07,7.0675497e-13,1.5272e-40,0.9999999,1.5272e-40,1.6890328e-12,7.1955717e-13,1.5272e-40,2.1855496e-16,1.1017133e-15
Resistant,3.80599e-16,3.80599e-16,3.80599e-16,3.80599e-16,3.80599e-16,4.3405453e-05,3.80599e-16,3.80599e-16,3.80599e-16,3.80599e-16,3.80599e-16,0.00053661107,1.3634681e-05,0.0024500473,3.80599e-16,3.80599e-16,0.9962023,0.00010056484,3.80599e-16,3.80599e-16,3.80599e-16,0.00065152504,3.80599e-16,3.80599e-16,3.80599e-16,1.9559398e-06
Resistant,1.2193192e-28,1.2193192e-28,1.2193192e-28,1.2193192e-28,1.2193192e-28,1.641132e-11,1.2193192e-28,1.2193192e-28,1.2193192e-28,1.2193192e-28,1.2193192e-28,4.2147477e-10,2.4504235e-12,1.3542304e-09,1.2193192e-28,1.2193192e-28,3.840274e-06,6.206907e-11,1.2193192e-28,0.9999962,1.2193192e-28,2.7260563e-10,1.2193192e-28,1.2193192e-28,1.2193192e-28,3.9837903e-13
Resistant,8.54126e-22,8.54126e-22,8.54126e-22,8.54126e-22,8.54126e-22,1.8883597e-05,5.2288065e-05,8.54126e-22,8.54126e-22,8.54126e-22,8.54126e-22,0.0005752546,4.9703817e-06,0.0015148543,8.54126e-22,8.54126e-22,0.99704736,0.00010960849,8.54126e-22,8.54126e-22,8.54126e-22,0.00040672172,0.00026883485,8.54126e-22,8.54126e-22,1.2088653e-06
Resistant,2.2511488e-19,2.2511488e-19,2.2511488e-19,2.2511488e-19,2.2511488e-19,1.6664745e-09,2.2511488e-19,2.2511488e-19,2.2511488e-19,2.2511488e-19,2.2511488e-19,1.7048562e-08,5.495995e-10,7.506498e-08,2.2511488e-19,2.2511488e-19,3.0992895e-05,2.9568716e-09,2.2511488e-19,0.9999689,2.2511488e-19,2.0304176e-08,2.2511488e-19,2.2511488e-19,2.2511488e-19,5.821934e-11
Resistant,0.06249903,0.06249903,0.06249903,0.06249903,0.06249903,1.3156662e-06,0.06249903,0.06249903,0.06249903,0.06249903,0.06249903,6.39222e-07,3.335259e-06,1.40248e-06,0.06249903,0.06249903,5.225361e-08,1.6154844e-06,0.06249903,1.4036273e-07,0.06249903,1.5910317e-06,1.6824561e-06,0.06249903,0.06249903,3.6487704e-06
Resistant,3.6417026e-11,3.6417026e-11,3.6417026e-11,3.6417026e-11,3.6417026e-11,3.6417026e-11,3.6417026e-11,3.6417026e-11,3.6417026e-11,3.6417026e-11,3.6417026e-11,0.0002726658,2.95115e-05,0.00037544148,3.6417026e-11,3.6417026e-11,0.023062153,7.59062e-05,3.6417026e-11,0.9760075,3.6417026e-11,0.0001646668,3.6417026e-11,3.6417026e-11,3.6417026e-11,1.2211541e-05
Resistant,5.307918e-17,5.307918e-17,5.307918e-17,5.307918e-17,5.307918e-17,0.004010769,0.0035384719,5.307918e-17,5.307918e-17,5.307918e-17,5.307918e-17,0.035420593,0.0014052027,0.033321436,5.307918e-17,5.307918e-17,0.86508113,0.02522893,5.307918e-17,5.307918e-17,5.307918e-17,0.018832413,0.010170958,0.0011479916,5.307918e-17,0.001842087
Resistant,0.05882353,0.05882353,0.05882353,0.05882353,0.05882353,2.6482887e-15,0.05882353,0.05882353,0.05882353,0.05882353,0.05882353,3.0154706e-16,0.05882353,8.6461815e-16,8.645543e-15,0.05882353,4.0017546e-18,1.1027818e-15,0.05882353,7.695883e-20,0.05882353,1.4804271e-15,0.05882353,0.05882353,0.05882353,1.4273406e-14
Resistant,8.6145845e-27,8.6145845e-27,8.6145845e-27,8.6145845e-27,8.6145845e-27,9.001144e-06,8.6145845e-27,0.0059486297,8.6145845e-27,8.6145845e-27,8.6145845e-27,0.00037170073,1.132455e-06,0.0004658012,8.6145845e-27,8.6145845e-27,0.9929765,6.028809e-05,8.6145845e-27,8.6145845e-27,8.6145845e-27,0.000105669336,6.0694685e-05,8.6145845e-27,8.6145845e-27,5.9838493e-07
Resistant,1.021505e-28,1.021505e-28,1.021505e-28,1.021505e-28,1.021505e-28,4.7060043e-11,1.1380524e-10,6.1871155e-08,1.021505e-28,1.021505e-28,1.021505e-28,1.5765802e-09,1.1764955e-11,4.8961644e-09,1.021505e-28,1.021505e-28,2.2653132e-06,3.5025344e-10,1.021505e-28,0.9999976,1.021505e-28,1.0608994e-09,6.555038e-10,1.021505e-28,1.021505e-28,3.761998e-12
Resistant,2.3207171e-26,2.3207171e-26,2.3207171e-26,2.3207171e-26,2.3207171e-26,1.6550286e-10,3.465612e-10,2.3207171e-26,2.4048475e-11,5.217644e-10,2.3207171e-26,4.3706803e-09,4.3487065e-11,1.0231373e-08,1.3752949e-10,2.3207171e-26,6.5938975e-06,1.1397601e-09,2.3207171e-26,0.99999344,2.3207171e-26,3.1757887e-09,1.9762598e-09,2.3207171e-26,7.345402e-12,1.1822583e-11
Resistant,5.6829987e-33,5.6829987e-33,5.6829987e-33,5.6829987e-33,5.6829987e-33,4.129235e-13,5.6829987e-33,5.6829987e-33,5.6829987e-33,5.6829987e-33,5.6829987e-33,5.6829987e-33,3.7415248e-14,5.858789e-11,5.6829987e-33,5.6829987e-33,3.5041414e-06,1.2326115e-12,5.6829987e-33,0.99999654,5.6829987e-33,1.0825398e-11,5.6829987e-33,5.6829987e-33,5.6829987e-33,3.0351717e-15
Resistant,1.6179085e-09,1.6179085e-09,1.6179085e-09,1.6179085e-09,0.031399433,0.0044397237,1.6179085e-09,1.6179085e-09,1.6179085e-09,1.6179085e-09,1.6179085e-09,0.028912667,0.0034978774,0.082236275,1.6179085e-09,1.6179085e-09,0.7558183,0.018326448,1.6179085e-09,1.6179085e-09,1.6179085e-09,0.04125843,0.032714948,1.6179085e-09,1.6179085e-09,0.0013959155
Resistant,7.2255524e-17,7.2255524e-17,7.2255524e-17,7.2255524e-17,7.2255524e-17,0.0007874193,0.001661076,7.2255524e-17,7.2255524e-17,7.2255524e-17,7.2255524e-17,0.008988602,0.0003362351,0.020134484,7.2255524e-17,7.2255524e-17,0.9488544,0.0047610076,7.2255524e-17,7.2255524e-17,7.2255524e-17,0.009026572,0.005287545,7.2255524e-17,7.2255524e-17,0.00016268108
Resistant,1.1222748e-35,1.1222748e-35,1.1222748e-35,1.1222748e-35,1.1222748e-35,3.8676787e-13,6.488123e-13,1.1222748e-35,1.1222748e-35,1.1222748e-35,9.199311e-13,1.728831e-11,6.1153326e-14,5.189073e-11,1.1222748e-35,1.1222748e-35,5.1778102e-08,6.1850173e-12,1.1222748e-35,1.0,1.1222748e-35,1.4046452e-11,6.2573276e-12,1.1222748e-35,3.7100547e-15,1.2767875e-14
Resistant,2.3833515e-24,2.3833515e-24,2.3833515e-24,2.3833515e-24,2.3833515e-24,5.6468476e-11,1.7124507e-10,2.3833515e-24,2.3833515e-24,2.3833515e-24,2.3833515e-24,7.295368e-10,1.39248274e-11,3.763151e-09,2.3833515e-24,2.3833515e-24,2.684313e-06,2.431925e-10,2.3833515e-24,0.99999726,2.3833515e-24,1.2572946e-09,2.3833515e-24,2.3833515e-24,2.5352804e-12,1.4350273e-12
Resistant,2.3790501e-33,2.3790501e-33,2.3790501e-33,2.3790501e-33,2.3790501e-33,8.612427e-14,4.174577e-13,2.3790501e-33,4.4130645e-15,2.3790501e-33,2.3790501e-33,5.12748e-12,1.5492326e-14,2.4665173e-11,2.3790501e-33,2.3790501e-33,2.4687438e-07,4.9920474e-13,2.3790501e-33,0.99999976,2.3790501e-33,4.8865946e-12,2.3790501e-33,2.3790501e-33,2.3790501e-33,1.1046338e-15
Resistant,1.007358e-15,1.007358e-15,1.007358e-15,1.007358e-15,1.007358e-15,1.007358e-15,0.00077868317,1.007358e-15,1.007358e-15,1.007358e-15,1.007358e-15,0.001989173,7.156411e-05,0.009905786,1.007358e-15,1.007358e-15,0.9809269,0.00050857913,1.007358e-15,1.007358e-15,1.007358e-15,0.0033848332,0.0024242136,1.007358e-15,1.007358e-15,1.0453603e-05
Resistant,1.97687e-40,1.97687e-40,1.97687e-40,1.97687e-40,1.97687e-40,3.5478224e-16,1.6546755e-15,1.97687e-40,1.97687e-40,1.97687e-40,1.97687e-40,4.643541e-14,4.787921e-17,2.553514e-13,1.97687e-40,1.97687e-40,5.760177e-09,5.923745e-15,1.97687e-40,1.0,1.97687e-40,4.436039e-14,2.1137733e-14,1.97687e-40,1.97687e-40,3.715899e-18
Resistant,2.7693485e-30,2.7693485e-30,2.7693485e-30,2.7693485e-30,2.7693485e-30,6.0719436e-11,2.7693485e-30,2.7693485e-30,2.7693485e-30,2.1090579e-10,2.7693485e-30,1.8778334e-09,1.100271e-11,3.8816106e-09,2.7693485e-30,2.7693485e-30,3.660364e-06,4.932561e-10,2.7693485e-30,0.9999963,2.7693485e-30,1.1293803e-09,5.880241e-10,2.7693485e-30,2.7693485e-30,3.639662e-12
Resistant,6.340639e-28,6.340639e-28,6.340639e-28,6.340639e-28,1.4785592e-09,8.714107e-11,1.6927136e-10,6.340639e-28,6.340639e-28,6.340639e-28,6.340639e-28,6.340639e-28,6.340639e-28,5.2106865e-09,6.340639e-28,6.340639e-28,6.3665957e-06,6.048812e-10,6.340639e-28,0.9999937,6.340639e-28,1.9392488e-09,9.842904e-10,1.1023519e-11,6.340639e-28,3.88764e-12
Resistant,3.3104867e-21,3.3104867e-21,3.3104867e-21,3.3104867e-21,3.3104867e-21,3.3104867e-21,9.691748e-08,3.3104867e-21,3.3104867e-21,3.3104867e-21,3.3104867e-21,6.9195437e-07,2.1865523e-08,1.0603618e-06,4.353624e-08,3.3104867e-21,6.876239e-05,3.075734e-07,3.3104867e-21,0.999928,3.3104867e-21,5.7278e-07,3.5586976e-07,3.3104867e-21,4.5579984e-09,9.561581e-09
Resistant,2.9526716e-31,3.7619867e-09,2.9526716e-31,2.9526716e-31,2.9526716e-31,1.026423e-11,1.1046748e-11,1.35237865e-08,2.9526716e-31,2.9526716e-31,2.9526716e-31,4.3979206e-10,1.0247167e-12,6.573438e-10,2.9526716e-31,2.9526716e-31,1.0799943e-05,4.44289e-11,2.9526716e-31,0.99998915,2.9526716e-31,1.523497e-10,2.9526716e-31,2.9526716e-31,1.1994048e-13,1.804088e-13
Resistant,6.9922484e-11,4.3982425e-05,6.9922484e-11,6.9922484e-11,2.659865e-05,4.5832353e-06,1.6196254e-05,6.9922484e-11,6.9922484e-11,6.9922484e-11,6.9922484e-11,1.5132649e-05,4.5959155e-06,6.456939e-05,6.9922484e-11,6.9922484e-11,0.00017752933,2.2320093e-05,6.9922484e-11,0.99955255,6.9922484e-11,4.035854e-05,2.9751258e-05,6.9922484e-11,6.9922484e-11,1.8099779e-06
